# Attention! This will truncate the class, attribute, attributepath and schema tables!
# A schema and data model for bibo:Document and bibrm:ContractItem will be created

SET FOREIGN_KEY_CHECKS=0;
SET SQL_MODE = "NO_AUTO_VALUE_ON_ZERO";

--
-- Database: `dmp`
--

--
-- Truncate table before insert `ATTRIBUTE`
--

TRUNCATE TABLE `ATTRIBUTE`;
--
-- Dumping data for table `ATTRIBUTE`
--

INSERT INTO `ATTRIBUTE` (`ID`, `NAME`, `URI`) VALUES
(1, 'type', 'http://www.w3.org/1999/02/22-rdf-syntax-ns#type'),
(2, 'EISSN', 'http://vocab.ub.uni-leipzig.de/bibrm/EISSN'),
(3, 'title', 'http://purl.org/dc/elements/1.1/title'),
(4, 'price', 'http://vocab.ub.uni-leipzig.de/bibrm/price'),
(5, 'otherTitleInformation', 'http://rdvocab.info/Elements/otherTitleInformation'),
(6, 'alternative', 'http://purl.org/dc/terms/alternative'),
(7, 'shortTitle', 'http://purl.org/ontology/bibo/shortTitle'),
(8, 'creator', 'http://purl.org/dc/terms/creator'),
(9, 'creator', 'http://purl.org/dc/elements/1.1/creator'),
(10, 'contributor', 'http://purl.org/dc/terms/contributor'),
(11, 'contributor', 'http://purl.org/dc/elements/1.1/contributor'),
(12, 'publicationStatement', 'http://rdvocab.info/Elements/publicationStatement'),
(13, 'placeOfPublication', 'http://rdvocab.info/Elements/placeOfPublication'),
(14, 'publisher', 'http://purl.org/dc/elements/1.1/publisher'),
(15, 'issued', 'http://purl.org/dc/terms/issued'),
(16, 'sameAs', 'http://www.w3.org/2002/07/owl#sameAs'),
(17, 'isLike', 'http://umbel.org/umbel#isLike'),
(18, 'issn', 'http://purl.org/ontology/bibo/issn'),
(19, 'eissn', 'http://purl.org/ontology/bibo/eissn'),
(20, 'lccn', 'http://purl.org/ontology/bibo/lccn'),
(21, 'oclcnum', 'http://purl.org/ontology/bibo/oclcnum'),
(22, 'isbn', 'http://purl.org/ontology/bibo/isbn'),
(23, 'medium', 'http://purl.org/dc/terms/medium'),
(24, 'hasPart', 'http://purl.org/dc/terms/hasPart'),
(25, 'isPartOf', 'http://purl.org/dc/terms/isPartOf'),
(26, 'hasVersion', 'http://purl.org/dc/terms/hasVersion'),
(27, 'isFormatOf', 'http://purl.org/dc/terms/isFormatOf'),
(28, 'precededBy', 'http://rdvocab.info/Elements/precededBy'),
(29, 'succeededBy', 'http://rdvocab.info/Elements/succeededBy'),
(30, 'language', 'http://purl.org/dc/terms/language'),
(31, '1053', 'http://iflastandards.info/ns/isbd/elements/1053'),
(32, 'edition', 'http://purl.org/ontology/bibo/edition'),
(33, 'bibliographicCitation', 'http://purl.org/dc/terms/bibliographicCitation'),
(34, 'familyName', 'http://xmlns.com/foaf/0.1/familyName'),
(35, 'givenName', 'http://xmlns.com/foaf/0.1/givenName'),
(36, 'id', 'http://www.ddb.de/professionell/mabxml/mabxml-1.xsd#id'),
(37, 'typ', 'http://www.ddb.de/professionell/mabxml/mabxml-1.xsd#typ'),
(38, 'status', 'http://www.ddb.de/professionell/mabxml/mabxml-1.xsd#status'),
(39, 'mabVersion', 'http://www.ddb.de/professionell/mabxml/mabxml-1.xsd#mabVersion'),
(40, 'feld', 'http://www.ddb.de/professionell/mabxml/mabxml-1.xsd#feld'),
(41, 'nr', 'http://www.ddb.de/professionell/mabxml/mabxml-1.xsd#nr'),
(42, 'ind', 'http://www.ddb.de/professionell/mabxml/mabxml-1.xsd#ind'),
(43, 'value', 'http://www.w3.org/1999/02/22-rdf-syntax-ns#value'),
(44, 'tf', 'http://www.ddb.de/professionell/mabxml/mabxml-1.xsd#tf'),
(45, 'stw', 'http://www.ddb.de/professionell/mabxml/mabxml-1.xsd#stw'),
(46, 'ns', 'http://www.ddb.de/professionell/mabxml/mabxml-1.xsd#ns'),
(47, 'uf', 'http://www.ddb.de/professionell/mabxml/mabxml-1.xsd#uf'),
(48, 'code', 'http://www.ddb.de/professionell/mabxml/mabxml-1.xsd#code'),
(49, 'control', 'control'),
(50, 'sourcerecordid', 'sourcerecordid'),
(51, 'sourceid', 'sourceid'),
(52, 'recordid', 'recordid'),
(53, 'sourcedbandrecordid', 'sourcedbandrecordid'),
(54, 'originalsourceid', 'originalsourceid'),
(55, 'ilsapiid', 'ilsapiid'),
(56, 'recordtype', 'recordtype'),
(57, 'addsrcrecordid', 'addsrcrecordid'),
(58, 'sourcetype', 'sourcetype'),
(59, 'sourceformat', 'sourceformat'),
(60, 'sourcesystem', 'sourcesystem'),
(61, 'lastmodified', 'lastmodified'),
(62, 'almaid', 'almaid'),
(63, 'display', 'display'),
(64, 'type', 'type'),
(65, 'title', 'title'),
(66, 'citation', 'citation'),
(67, 'creator', 'creator'),
(68, 'contributor', 'contributor'),
(69, 'edition', 'edition'),
(70, 'publisher', 'publisher'),
(71, 'creationdate', 'creationdate'),
(72, 'format', 'format'),
(73, 'ispartof', 'ispartof'),
(74, 'identifier', 'identifier'),
(75, 'subject', 'subject'),
(76, 'description', 'description'),
(77, 'language', 'language'),
(78, 'relation', 'relation'),
(79, 'source', 'source'),
(80, 'coverage', 'coverage'),
(81, 'rights', 'rights'),
(82, 'availlibrary', 'availlibrary'),
(83, 'availinstitution', 'availinstitution'),
(84, 'availpnx', 'availpnx'),
(85, 'userreview', 'userreview'),
(86, 'userrank', 'userrank'),
(87, 'versions', 'versions'),
(88, 'vertitle', 'vertitle'),
(89, 'unititle', 'unititle'),
(90, 'lds01', 'lds01'),
(91, 'lds02', 'lds02'),
(92, 'lds03', 'lds03'),
(93, 'lds04', 'lds04'),
(94, 'lds05', 'lds05'),
(95, 'lds06', 'lds06'),
(96, 'lds07', 'lds07'),
(97, 'lds08', 'lds08'),
(98, 'lds09', 'lds09'),
(99, 'lds10', 'lds10'),
(100, 'lds11', 'lds11'),
(101, 'lds12', 'lds12'),
(102, 'lds13', 'lds13'),
(103, 'lds14', 'lds14'),
(104, 'lds15', 'lds15'),
(105, 'lds16', 'lds16'),
(106, 'lds17', 'lds17'),
(107, 'lds18', 'lds18'),
(108, 'lds19', 'lds19'),
(109, 'lds20', 'lds20'),
(110, 'lds21', 'lds21'),
(111, 'lds22', 'lds22'),
(112, 'lds23', 'lds23'),
(113, 'lds24', 'lds24'),
(114, 'lds25', 'lds25'),
(115, 'lds26', 'lds26'),
(116, 'lds27', 'lds27'),
(117, 'lds28', 'lds28'),
(118, 'lds29', 'lds29'),
(119, 'lds30', 'lds30'),
(120, 'lds31', 'lds31'),
(121, 'lds32', 'lds32'),
(122, 'lds33', 'lds33'),
(123, 'lds34', 'lds34'),
(124, 'lds35', 'lds35'),
(125, 'lds36', 'lds36'),
(126, 'lds37', 'lds37'),
(127, 'lds38', 'lds38'),
(128, 'lds39', 'lds39'),
(129, 'lds40', 'lds40'),
(130, 'lds41', 'lds41'),
(131, 'lds42', 'lds42'),
(132, 'lds43', 'lds43'),
(133, 'lds44', 'lds44'),
(134, 'lds45', 'lds45'),
(135, 'lds46', 'lds46'),
(136, 'lds47', 'lds47'),
(137, 'lds48', 'lds48'),
(138, 'lds49', 'lds49'),
(139, 'lds50', 'lds50'),
(140, 'links', 'links'),
(141, 'openurl', 'openurl'),
(142, 'backlink', 'backlink'),
(143, 'linktorsrc', 'linktorsrc'),
(144, 'thumbnail', 'thumbnail'),
(145, 'linktotoc', 'linktotoc'),
(146, 'linktoabstract', 'linktoabstract'),
(147, 'openurlfulltext', 'openurlfulltext'),
(148, 'openurlservice', 'openurlservice'),
(149, 'linktoholdings', 'linktoholdings'),
(150, 'linktorequest', 'linktorequest'),
(151, 'linktoreview', 'linktoreview'),
(152, 'linktoprice', 'linktoprice'),
(153, 'addlink', 'addlink'),
(154, 'linktoholdsavail', 'linktoholdsavail'),
(155, 'linktoholdsunavail', 'linktoholdsunavail'),
(156, 'linktoholdsnotexist', 'linktoholdsnotexist'),
(157, 'linktouc', 'linktouc'),
(158, 'linktofa', 'linktofa'),
(159, 'linktoexcerpt', 'linktoexcerpt'),
(160, 'gbsabout', 'gbsabout'),
(161, 'gbsfull', 'gbsfull'),
(162, 'gbsaboutnofull', 'gbsaboutnofull'),
(163, 'lln01', 'lln01'),
(164, 'lln02', 'lln02'),
(165, 'lln03', 'lln03'),
(166, 'lln04', 'lln04'),
(167, 'lln05', 'lln05'),
(168, 'lln06', 'lln06'),
(169, 'lln07', 'lln07'),
(170, 'lln08', 'lln08'),
(171, 'lln09', 'lln09'),
(172, 'lln10', 'lln10'),
(173, 'lln11', 'lln11'),
(174, 'lln12', 'lln12'),
(175, 'lln13', 'lln13'),
(176, 'lln14', 'lln14'),
(177, 'lln15', 'lln15'),
(178, 'lln16', 'lln16'),
(179, 'lln17', 'lln17'),
(180, 'lln18', 'lln18'),
(181, 'lln19', 'lln19'),
(182, 'lln20', 'lln20'),
(183, 'lln21', 'lln21'),
(184, 'lln22', 'lln22'),
(185, 'lln23', 'lln23'),
(186, 'lln24', 'lln24'),
(187, 'lln25', 'lln25'),
(188, 'lln26', 'lln26'),
(189, 'lln27', 'lln27'),
(190, 'lln28', 'lln28'),
(191, 'lln29', 'lln29'),
(192, 'lln30', 'lln30'),
(193, 'lln31', 'lln31'),
(194, 'lln32', 'lln32'),
(195, 'lln33', 'lln33'),
(196, 'lln34', 'lln34'),
(197, 'lln35', 'lln35'),
(198, 'lln36', 'lln36'),
(199, 'lln37', 'lln37'),
(200, 'lln38', 'lln38'),
(201, 'lln39', 'lln39'),
(202, 'lln40', 'lln40'),
(203, 'lln41', 'lln41'),
(204, 'lln42', 'lln42'),
(205, 'lln43', 'lln43'),
(206, 'lln44', 'lln44'),
(207, 'lln45', 'lln45'),
(208, 'lln46', 'lln46'),
(209, 'lln47', 'lln47'),
(210, 'lln48', 'lln48'),
(211, 'lln49', 'lln49'),
(212, 'lln50', 'lln50'),
(213, 'search', 'search'),
(214, 'creatorcontrib', 'creatorcontrib'),
(215, 'fulltext', 'fulltext'),
(216, 'general', 'general'),
(217, 'isbn', 'isbn'),
(218, 'issn', 'issn'),
(219, 'toc', 'toc'),
(220, 'rsrctype', 'rsrctype'),
(221, 'addtitle', 'addtitle'),
(222, 'usertag', 'usertag'),
(223, 'pnxtype', 'pnxtype'),
(224, 'frbrid', 'frbrid'),
(225, 'matchid', 'matchid'),
(226, 'searchscope ', 'searchscope '),
(227, 'ressearscope', 'ressearscope'),
(228, 'scope', 'scope'),
(229, 'syndetics_fulltext', 'syndetics_fulltext'),
(230, 'syndetics_toc', 'syndetics_toc'),
(231, 'alttitle', 'alttitle'),
(232, 'abstract', 'abstract'),
(233, 'fiction', 'fiction'),
(234, 'lsr01', 'lsr01'),
(235, 'lsr02', 'lsr02'),
(236, 'lsr03', 'lsr03'),
(237, 'lsr04', 'lsr04'),
(238, 'lsr05', 'lsr05'),
(239, 'lsr06', 'lsr06'),
(240, 'lsr07', 'lsr07'),
(241, 'lsr08', 'lsr08'),
(242, 'lsr09', 'lsr09'),
(243, 'lsr10', 'lsr10'),
(244, 'lsr11', 'lsr11'),
(245, 'lsr12', 'lsr12'),
(246, 'lsr13', 'lsr13'),
(247, 'lsr14', 'lsr14'),
(248, 'lsr15', 'lsr15'),
(249, 'lsr16', 'lsr16'),
(250, 'lsr17', 'lsr17'),
(251, 'lsr18', 'lsr18'),
(252, 'lsr19', 'lsr19'),
(253, 'lsr20', 'lsr20'),
(254, 'lsr21', 'lsr21'),
(255, 'lsr22', 'lsr22'),
(256, 'lsr23', 'lsr23'),
(257, 'lsr24', 'lsr24'),
(258, 'lsr25', 'lsr25'),
(259, 'lsr26', 'lsr26'),
(260, 'lsr27', 'lsr27'),
(261, 'lsr28', 'lsr28'),
(262, 'lsr29', 'lsr29'),
(263, 'lsr30', 'lsr30'),
(264, 'lsr31', 'lsr31'),
(265, 'lsr32', 'lsr32'),
(266, 'lsr33', 'lsr33'),
(267, 'lsr34', 'lsr34'),
(268, 'lsr35', 'lsr35'),
(269, 'lsr36', 'lsr36'),
(270, 'lsr37', 'lsr37'),
(271, 'lsr38', 'lsr38'),
(272, 'lsr39', 'lsr39'),
(273, 'lsr40', 'lsr40'),
(274, 'lsr41', 'lsr41'),
(275, 'lsr42', 'lsr42'),
(276, 'lsr43', 'lsr43'),
(277, 'lsr44', 'lsr44'),
(278, 'lsr45', 'lsr45'),
(279, 'lsr46', 'lsr46'),
(280, 'lsr47', 'lsr47'),
(281, 'lsr48', 'lsr48'),
(282, 'lsr49', 'lsr49'),
(283, 'lsr50', 'lsr50'),
(284, 'sort', 'sort'),
(285, 'popularity', 'popularity'),
(286, 'author', 'author'),
(287, 'lso01', 'lso01'),
(288, 'lso02', 'lso02'),
(289, 'lso03', 'lso03'),
(290, 'lso04', 'lso04'),
(291, 'lso05', 'lso05'),
(292, 'lso06', 'lso06'),
(293, 'lso07', 'lso07'),
(294, 'lso08', 'lso08'),
(295, 'lso09', 'lso09'),
(296, 'lso10', 'lso10'),
(297, 'lso11', 'lso11'),
(298, 'lso12', 'lso12'),
(299, 'lso13', 'lso13'),
(300, 'lso14', 'lso14'),
(301, 'lso15', 'lso15'),
(302, 'lso16', 'lso16'),
(303, 'lso17', 'lso17'),
(304, 'lso18', 'lso18'),
(305, 'lso19', 'lso19'),
(306, 'lso20', 'lso20'),
(307, 'lso21', 'lso21'),
(308, 'lso22', 'lso22'),
(309, 'lso23', 'lso23'),
(310, 'lso24', 'lso24'),
(311, 'lso25', 'lso25'),
(312, 'lso26', 'lso26'),
(313, 'lso27', 'lso27'),
(314, 'lso28', 'lso28'),
(315, 'lso29', 'lso29'),
(316, 'lso30', 'lso30'),
(317, 'lso31', 'lso31'),
(318, 'lso32', 'lso32'),
(319, 'lso33', 'lso33'),
(320, 'lso34', 'lso34'),
(321, 'lso35', 'lso35'),
(322, 'lso36', 'lso36'),
(323, 'lso37', 'lso37'),
(324, 'lso38', 'lso38'),
(325, 'lso39', 'lso39'),
(326, 'lso40', 'lso40'),
(327, 'lso41', 'lso41'),
(328, 'lso42', 'lso42'),
(329, 'lso43', 'lso43'),
(330, 'lso44', 'lso44'),
(331, 'lso45', 'lso45'),
(332, 'lso46', 'lso46'),
(333, 'lso47', 'lso47'),
(334, 'lso48', 'lso48'),
(335, 'lso49', 'lso49'),
(336, 'lso50', 'lso50'),
(337, 'lso51', 'lso51'),
(338, 'lso52', 'lso52'),
(339, 'lso53', 'lso53'),
(340, 'lso54', 'lso54'),
(341, 'lso55', 'lso55'),
(342, 'facets', 'facets'),
(343, 'topic', 'topic'),
(344, 'collection', 'collection'),
(345, 'classificationrvk', 'classificationrvk'),
(346, 'toplevel', 'toplevel'),
(347, 'prefilter', 'prefilter'),
(348, 'classificationlcc', 'classificationlcc'),
(349, 'classificationddc', 'classificationddc'),
(350, 'classificationucd', 'classificationucd'),
(351, 'filesize', 'filesize'),
(352, 'jtitle', 'jtitle'),
(353, 'genre', 'genre'),
(354, 'pnxdate', 'pnxdate'),
(355, 'library', 'library'),
(356, 'atoz', 'atoz'),
(357, 'lfc01', 'lfc01'),
(358, 'lfc02', 'lfc02'),
(359, 'lfc03', 'lfc03'),
(360, 'lfc04', 'lfc04'),
(361, 'lfc05', 'lfc05'),
(362, 'lfc06', 'lfc06'),
(363, 'lfc07', 'lfc07'),
(364, 'lfc08', 'lfc08'),
(365, 'lfc09', 'lfc09'),
(366, 'lfc10', 'lfc10'),
(367, 'lfc11', 'lfc11'),
(368, 'lfc12', 'lfc12'),
(369, 'lfc13', 'lfc13'),
(370, 'lfc14', 'lfc14'),
(371, 'lfc15', 'lfc15'),
(372, 'lfc16', 'lfc16'),
(373, 'lfc17', 'lfc17'),
(374, 'lfc18', 'lfc18'),
(375, 'lfc19', 'lfc19'),
(376, 'lfc20', 'lfc20'),
(377, 'lfc21', 'lfc21'),
(378, 'lfc22', 'lfc22'),
(379, 'lfc23', 'lfc23'),
(380, 'lfc24', 'lfc24'),
(381, 'lfc25', 'lfc25'),
(382, 'lfc26', 'lfc26'),
(383, 'lfc27', 'lfc27'),
(384, 'lfc28', 'lfc28'),
(385, 'lfc29', 'lfc29'),
(386, 'lfc30', 'lfc30'),
(387, 'lfc31', 'lfc31'),
(388, 'lfc32', 'lfc32'),
(389, 'lfc33', 'lfc33'),
(390, 'lfc34', 'lfc34'),
(391, 'lfc35', 'lfc35'),
(392, 'lfc36', 'lfc36'),
(393, 'lfc37', 'lfc37'),
(394, 'lfc38', 'lfc38'),
(395, 'lfc39', 'lfc39'),
(396, 'lfc40', 'lfc40'),
(397, 'lfc41', 'lfc41'),
(398, 'lfc42', 'lfc42'),
(399, 'lfc43', 'lfc43'),
(400, 'lfc44', 'lfc44'),
(401, 'lfc45', 'lfc45'),
(402, 'lfc46', 'lfc46'),
(403, 'lfc47', 'lfc47'),
(404, 'lfc48', 'lfc48'),
(405, 'lfc49', 'lfc49'),
(406, 'lfc50', 'lfc50'),
(407, 'dedup', 'dedup'),
(408, 't', 't'),
(409, 'c1', 'c1'),
(410, 'c2', 'c2'),
(411, 'c3', 'c3'),
(412, 'c4', 'c4'),
(413, 'c5', 'c5'),
(414, 'c6', 'c6'),
(415, 'c7', 'c7'),
(416, 'c8', 'c8'),
(417, 'c9', 'c9'),
(418, 'c10', 'c10'),
(419, 'f1', 'f1'),
(420, 'f2', 'f2'),
(421, 'f3', 'f3'),
(422, 'f4', 'f4'),
(423, 'f5', 'f5'),
(424, 'f6', 'f6'),
(425, 'f7', 'f7'),
(426, 'f8', 'f8'),
(427, 'f9', 'f9'),
(428, 'f10', 'f10'),
(429, 'f11', 'f11'),
(430, 'f12', 'f12'),
(431, 'f13', 'f13'),
(432, 'f14', 'f14'),
(433, 'f15', 'f15'),
(434, 'f16', 'f16'),
(435, 'f17', 'f17'),
(436, 'f18', 'f18'),
(437, 'f19', 'f19'),
(438, 'f20', 'f20'),
(439, 'frbr', 'frbr'),
(440, 'k1', 'k1'),
(441, 'k2', 'k2'),
(442, 'k3', 'k3'),
(443, 'k4', 'k4'),
(444, 'k5', 'k5'),
(445, 'k6', 'k6'),
(446, 'k7', 'k7'),
(447, 'k8', 'k8'),
(448, 'k9', 'k9'),
(449, 'k10', 'k10'),
(450, 'k11', 'k11'),
(451, 'k12', 'k12'),
(452, 'k13', 'k13'),
(453, 'k14', 'k14'),
(454, 'k15', 'k15'),
(455, 'k16', 'k16'),
(456, 'year', 'year'),
(457, 'delivery', 'delivery'),
(458, 'institution', 'institution'),
(459, 'resdelscope', 'resdelscope'),
(460, 'delcategory', 'delcategory'),
(461, 'enrichment', 'enrichment'),
(462, 'classificationudc', 'classificationudc'),
(463, 'review', 'review'),
(464, 'rankparentchild', 'rankparentchild'),
(465, 'ranknocopies', 'ranknocopies'),
(466, 'rankdatefirstcopy', 'rankdatefirstcopy'),
(467, 'ranknoloans', 'ranknoloans'),
(468, 'availability', 'availability'),
(469, 'lrn01', 'lrn01'),
(470, 'lrn02', 'lrn02'),
(471, 'lrn03', 'lrn03'),
(472, 'lrn04', 'lrn04'),
(473, 'lrn05', 'lrn05'),
(474, 'lrn06', 'lrn06'),
(475, 'lrn07', 'lrn07'),
(476, 'lrn08', 'lrn08'),
(477, 'lrn09', 'lrn09'),
(478, 'lrn10', 'lrn10'),
(479, 'lrn11', 'lrn11'),
(480, 'lrn12', 'lrn12'),
(481, 'lrn13', 'lrn13'),
(482, 'lrn14', 'lrn14'),
(483, 'lrn15', 'lrn15'),
(484, 'lrn16', 'lrn16'),
(485, 'lrn17', 'lrn17'),
(486, 'lrn18', 'lrn18'),
(487, 'lrn19', 'lrn19'),
(488, 'lrn20', 'lrn20'),
(489, 'lrn21', 'lrn21'),
(490, 'lrn22', 'lrn22'),
(491, 'lrn23', 'lrn23'),
(492, 'lrn24', 'lrn24'),
(493, 'lrn25', 'lrn25'),
(494, 'lrn26', 'lrn26'),
(495, 'lrn27', 'lrn27'),
(496, 'lrn28', 'lrn28'),
(497, 'lrn29', 'lrn29'),
(498, 'lrn30', 'lrn30'),
(499, 'lrn31', 'lrn31'),
(500, 'lrn32', 'lrn32'),
(501, 'lrn33', 'lrn33'),
(502, 'lrn34', 'lrn34'),
(503, 'lrn35', 'lrn35'),
(504, 'lrn36', 'lrn36'),
(505, 'lrn37', 'lrn37'),
(506, 'lrn38', 'lrn38'),
(507, 'lrn39', 'lrn39'),
(508, 'lrn40', 'lrn40'),
(509, 'lrn41', 'lrn41'),
(510, 'lrn42', 'lrn42'),
(511, 'lrn43', 'lrn43'),
(512, 'lrn44', 'lrn44'),
(513, 'lrn45', 'lrn45'),
(514, 'lrn46', 'lrn46'),
(515, 'lrn47', 'lrn47'),
(516, 'lrn48', 'lrn48'),
(517, 'lrn49', 'lrn49'),
(518, 'lrn50', 'lrn50'),
(519, 'ranking', 'ranking'),
(520, 'booster1', 'booster1'),
(521, 'booster2', 'booster2'),
(522, 'pcg_type', 'pcg_type'),
(523, 'citationsBoost', 'citationsBoost'),
(524, 'addata', 'addata'),
(525, 'aulast', 'aulast'),
(526, 'aufirst', 'aufirst'),
(527, 'auinit', 'auinit'),
(528, 'auinit1', 'auinit1'),
(529, 'auinitm', 'auinitm'),
(530, 'ausuffix', 'ausuffix'),
(531, 'au', 'au'),
(532, 'aucorp', 'aucorp'),
(533, 'addau', 'addau'),
(534, 'seriesau', 'seriesau'),
(535, 'btitle', 'btitle'),
(536, 'atitle', 'atitle'),
(537, 'stitle', 'stitle'),
(538, 'seriestitle', 'seriestitle'),
(539, 'date', 'date'),
(540, 'risdate', 'risdate'),
(541, 'adddate', 'adddate'),
(542, 'volume', 'volume'),
(543, 'issue', 'issue'),
(544, 'part', 'part'),
(545, 'ssn', 'ssn'),
(546, 'quarter', 'quarter'),
(547, 'spage', 'spage'),
(548, 'epage', 'epage'),
(549, 'pages', 'pages'),
(550, 'artnum', 'artnum'),
(551, 'eissn', 'eissn'),
(552, 'eisbn', 'eisbn'),
(553, 'coden', 'coden'),
(554, 'sici', 'sici'),
(555, 'ristype', 'ristype'),
(556, 'notes', 'notes'),
(557, 'cop', 'cop'),
(558, 'pub', 'pub'),
(559, 'mis1', 'mis1'),
(560, 'mis2', 'mis2'),
(561, 'mis3', 'mis3'),
(562, 'oclcid', 'oclcid'),
(563, 'doi', 'doi'),
(564, 'url', 'url'),
(565, 'objectid', 'objectid'),
(566, 'lccn', 'lccn'),
(567, 'pmid', 'pmid'),
(568, 'ericid', 'ericid'),
(569, 'bibcode', 'bibcode'),
(570, 'hdlid', 'hdlid'),
(571, 'oai', 'oai'),
(572, 'co', 'co'),
(573, 'cc', 'cc'),
(574, 'inst', 'inst'),
(575, 'advisor', 'advisor'),
(576, 'degree', 'degree'),
(577, 'tpages', 'tpages'),
(578, 'bici', 'bici'),
(579, 'lad01', 'lad01'),
(580, 'lad02', 'lad02'),
(581, 'lad03', 'lad03'),
(582, 'lad04', 'lad04'),
(583, 'lad05', 'lad05'),
(584, 'lad06', 'lad06'),
(585, 'lad07', 'lad07'),
(586, 'lad08', 'lad08'),
(587, 'lad09', 'lad09'),
(588, 'lad10', 'lad10'),
(589, 'lad11', 'lad11'),
(590, 'lad12', 'lad12'),
(591, 'lad13', 'lad13'),
(592, 'lad14', 'lad14'),
(593, 'lad15', 'lad15'),
(594, 'lad16', 'lad16'),
(595, 'lad17', 'lad17'),
(596, 'lad18', 'lad18'),
(597, 'lad19', 'lad19'),
(598, 'lad20', 'lad20'),
(599, 'lad21', 'lad21'),
(600, 'lad22', 'lad22'),
(601, 'lad23', 'lad23'),
(602, 'lad24', 'lad24'),
(603, 'lad25', 'lad25');

--
-- Truncate table before insert `ATTRIBUTE_PATHS_ATTRIBUTES`
--

TRUNCATE TABLE `ATTRIBUTE_PATHS_ATTRIBUTES`;
--
-- Dumping data for table `ATTRIBUTE_PATHS_ATTRIBUTES`
--

INSERT INTO `ATTRIBUTE_PATHS_ATTRIBUTES` (`ATTRIBUTE_PATH_ID`, `ATTRIBUTE_ID`) VALUES
(1, 1),
(34, 1),
(37, 1),
(45, 1),
(51, 1),
(53, 1),
(56, 1),
(59, 1),
(64, 1),
(66, 1),
(69, 1),
(72, 1),
(75, 1),
(78, 1),
(81, 1),
(84, 1),
(87, 1),
(90, 1),
(93, 1),
(96, 1),
(99, 1),
(102, 1),
(105, 1),
(108, 1),
(111, 1),
(113, 1),
(135, 1),
(193, 1),
(267, 1),
(348, 1),
(359, 1),
(362, 1),
(365, 1),
(368, 1),
(371, 1),
(374, 1),
(377, 1),
(380, 1),
(383, 1),
(386, 1),
(389, 1),
(392, 1),
(395, 1),
(398, 1),
(401, 1),
(404, 1),
(407, 1),
(410, 1),
(413, 1),
(416, 1),
(419, 1),
(422, 1),
(425, 1),
(428, 1),
(431, 1),
(434, 1),
(437, 1),
(440, 1),
(443, 1),
(446, 1),
(449, 1),
(452, 1),
(455, 1),
(458, 1),
(461, 1),
(464, 1),
(467, 1),
(470, 1),
(473, 1),
(476, 1),
(479, 1),
(482, 1),
(485, 1),
(488, 1),
(491, 1),
(494, 1),
(497, 1),
(500, 1),
(503, 1),
(506, 1),
(509, 1),
(580, 1),
(582, 1),
(585, 1),
(588, 1),
(591, 1),
(594, 1),
(597, 1),
(600, 1),
(603, 1),
(606, 1),
(609, 1),
(612, 1),
(615, 1),
(618, 1),
(621, 1),
(624, 1),
(627, 1),
(630, 1),
(633, 1),
(636, 1),
(639, 1),
(642, 1),
(645, 1),
(648, 1),
(651, 1),
(654, 1),
(657, 1),
(660, 1),
(663, 1),
(666, 1),
(669, 1),
(672, 1),
(675, 1),
(677, 1),
(697, 1),
(703, 1),
(768, 1),
(770, 1),
(773, 1),
(776, 1),
(780, 1),
(2, 2),
(3, 3),
(4, 4),
(5, 5),
(6, 6),
(7, 7),
(8, 8),
(34, 8),
(35, 8),
(36, 8),
(9, 9),
(10, 10),
(37, 10),
(38, 10),
(39, 10),
(11, 11),
(12, 12),
(13, 13),
(14, 14),
(15, 15),
(16, 16),
(17, 17),
(18, 18),
(19, 19),
(20, 20),
(21, 21),
(22, 22),
(23, 23),
(24, 24),
(25, 25),
(26, 26),
(27, 27),
(28, 28),
(29, 29),
(30, 30),
(31, 31),
(32, 32),
(33, 33),
(35, 34),
(38, 34),
(36, 35),
(39, 35),
(40, 36),
(46, 36),
(60, 36),
(41, 37),
(42, 38),
(43, 39),
(44, 40),
(45, 40),
(46, 40),
(47, 40),
(48, 40),
(49, 40),
(50, 40),
(51, 40),
(52, 40),
(53, 40),
(54, 40),
(55, 40),
(56, 40),
(57, 40),
(58, 40),
(59, 40),
(60, 40),
(61, 40),
(62, 40),
(63, 40),
(64, 40),
(65, 40),
(66, 40),
(67, 40),
(68, 40),
(69, 40),
(70, 40),
(47, 41),
(48, 42),
(49, 43),
(54, 43),
(57, 43),
(62, 43),
(67, 43),
(70, 43),
(76, 43),
(79, 43),
(82, 43),
(85, 43),
(88, 43),
(91, 43),
(94, 43),
(97, 43),
(100, 43),
(103, 43),
(106, 43),
(109, 43),
(114, 43),
(136, 43),
(360, 43),
(363, 43),
(366, 43),
(369, 43),
(372, 43),
(375, 43),
(378, 43),
(381, 43),
(384, 43),
(387, 43),
(390, 43),
(393, 43),
(396, 43),
(399, 43),
(402, 43),
(405, 43),
(408, 43),
(411, 43),
(414, 43),
(417, 43),
(420, 43),
(423, 43),
(426, 43),
(429, 43),
(432, 43),
(435, 43),
(438, 43),
(441, 43),
(444, 43),
(447, 43),
(450, 43),
(453, 43),
(456, 43),
(459, 43),
(462, 43),
(465, 43),
(468, 43),
(471, 43),
(474, 43),
(477, 43),
(480, 43),
(483, 43),
(486, 43),
(489, 43),
(492, 43),
(495, 43),
(498, 43),
(501, 43),
(504, 43),
(507, 43),
(583, 43),
(586, 43),
(589, 43),
(592, 43),
(595, 43),
(598, 43),
(601, 43),
(604, 43),
(607, 43),
(610, 43),
(613, 43),
(616, 43),
(619, 43),
(622, 43),
(625, 43),
(628, 43),
(631, 43),
(634, 43),
(637, 43),
(640, 43),
(643, 43),
(646, 43),
(649, 43),
(652, 43),
(655, 43),
(658, 43),
(661, 43),
(664, 43),
(667, 43),
(670, 43),
(673, 43),
(678, 43),
(771, 43),
(774, 43),
(777, 43),
(50, 44),
(51, 44),
(63, 44),
(64, 44),
(52, 45),
(53, 45),
(54, 45),
(65, 45),
(66, 45),
(67, 45),
(55, 46),
(56, 46),
(57, 46),
(68, 46),
(69, 46),
(70, 46),
(58, 47),
(59, 47),
(60, 47),
(61, 47),
(62, 47),
(63, 47),
(64, 47),
(65, 47),
(66, 47),
(67, 47),
(68, 47),
(69, 47),
(70, 47),
(61, 48),
(71, 49),
(72, 49),
(73, 49),
(74, 49),
(75, 49),
(76, 49),
(77, 49),
(78, 49),
(79, 49),
(80, 49),
(81, 49),
(82, 49),
(83, 49),
(84, 49),
(85, 49),
(86, 49),
(87, 49),
(88, 49),
(89, 49),
(90, 49),
(91, 49),
(92, 49),
(93, 49),
(94, 49),
(95, 49),
(96, 49),
(97, 49),
(98, 49),
(99, 49),
(100, 49),
(101, 49),
(102, 49),
(103, 49),
(104, 49),
(105, 49),
(106, 49),
(107, 49),
(108, 49),
(109, 49),
(73, 50),
(74, 51),
(75, 51),
(76, 51),
(274, 51),
(77, 52),
(78, 52),
(79, 52),
(275, 52),
(80, 53),
(81, 53),
(82, 53),
(83, 54),
(84, 54),
(85, 54),
(86, 55),
(87, 55),
(88, 55),
(89, 56),
(90, 56),
(91, 56),
(282, 56),
(92, 57),
(93, 57),
(94, 57),
(285, 57),
(95, 58),
(96, 58),
(97, 58),
(98, 59),
(99, 59),
(100, 59),
(101, 60),
(102, 60),
(103, 60),
(104, 61),
(105, 61),
(106, 61),
(107, 62),
(108, 62),
(109, 62),
(110, 63),
(111, 63),
(112, 63),
(113, 63),
(114, 63),
(115, 63),
(116, 63),
(117, 63),
(118, 63),
(119, 63),
(120, 63),
(121, 63),
(122, 63),
(123, 63),
(124, 63),
(125, 63),
(126, 63),
(127, 63),
(128, 63),
(129, 63),
(130, 63),
(131, 63),
(132, 63),
(133, 63),
(134, 63),
(135, 63),
(136, 63),
(137, 63),
(138, 63),
(139, 63),
(140, 63),
(141, 63),
(142, 63),
(143, 63),
(144, 63),
(145, 63),
(146, 63),
(147, 63),
(148, 63),
(149, 63),
(150, 63),
(151, 63),
(152, 63),
(153, 63),
(154, 63),
(155, 63),
(156, 63),
(157, 63),
(158, 63),
(159, 63),
(160, 63),
(161, 63),
(162, 63),
(163, 63),
(164, 63),
(165, 63),
(166, 63),
(167, 63),
(168, 63),
(169, 63),
(170, 63),
(171, 63),
(172, 63),
(173, 63),
(174, 63),
(175, 63),
(176, 63),
(177, 63),
(178, 63),
(179, 63),
(180, 63),
(181, 63),
(182, 63),
(183, 63),
(184, 63),
(185, 63),
(186, 63),
(187, 63),
(188, 63),
(189, 63),
(190, 63),
(191, 63),
(112, 64),
(113, 64),
(114, 64),
(115, 65),
(269, 65),
(349, 65),
(116, 66),
(117, 67),
(118, 68),
(119, 69),
(842, 69),
(120, 70),
(121, 71),
(281, 71),
(350, 71),
(511, 71),
(122, 72),
(280, 72),
(522, 72),
(816, 72),
(123, 73),
(124, 74),
(125, 75),
(271, 75),
(126, 76),
(270, 76),
(127, 77),
(510, 77),
(128, 78),
(129, 79),
(130, 80),
(131, 81),
(132, 82),
(133, 83),
(134, 84),
(135, 84),
(136, 84),
(137, 85),
(138, 86),
(139, 87),
(140, 88),
(141, 89),
(142, 90),
(143, 91),
(144, 92),
(145, 93),
(146, 94),
(147, 95),
(148, 96),
(149, 97),
(150, 98),
(151, 99),
(152, 100),
(153, 101),
(154, 102),
(155, 103),
(156, 104),
(157, 105),
(158, 106),
(159, 107),
(160, 108),
(161, 109),
(162, 110),
(163, 111),
(164, 112),
(165, 113),
(166, 114),
(167, 115),
(168, 116),
(169, 117),
(170, 118),
(171, 119),
(172, 120),
(173, 121),
(174, 122),
(175, 123),
(176, 124),
(177, 125),
(178, 126),
(179, 127),
(180, 128),
(181, 129),
(182, 130),
(183, 131),
(184, 132),
(185, 133),
(186, 134),
(187, 135),
(188, 136),
(189, 137),
(190, 138),
(191, 139),
(192, 140),
(193, 140),
(194, 140),
(195, 140),
(196, 140),
(197, 140),
(198, 140),
(199, 140),
(200, 140),
(201, 140),
(202, 140),
(203, 140),
(204, 140),
(205, 140),
(206, 140),
(207, 140),
(208, 140),
(209, 140),
(210, 140),
(211, 140),
(212, 140),
(213, 140),
(214, 140),
(215, 140),
(216, 140),
(217, 140),
(218, 140),
(219, 140),
(220, 140),
(221, 140),
(222, 140),
(223, 140),
(224, 140),
(225, 140),
(226, 140),
(227, 140),
(228, 140),
(229, 140),
(230, 140),
(231, 140),
(232, 140),
(233, 140),
(234, 140),
(235, 140),
(236, 140),
(237, 140),
(238, 140),
(239, 140),
(240, 140),
(241, 140),
(242, 140),
(243, 140),
(244, 140),
(245, 140),
(246, 140),
(247, 140),
(248, 140),
(249, 140),
(250, 140),
(251, 140),
(252, 140),
(253, 140),
(254, 140),
(255, 140),
(256, 140),
(257, 140),
(258, 140),
(259, 140),
(260, 140),
(261, 140),
(262, 140),
(263, 140),
(264, 140),
(265, 140),
(194, 141),
(781, 141),
(195, 142),
(196, 143),
(197, 144),
(198, 145),
(199, 146),
(200, 147),
(201, 148),
(202, 149),
(203, 150),
(204, 151),
(205, 152),
(206, 153),
(207, 154),
(208, 155),
(209, 156),
(210, 157),
(211, 158),
(212, 159),
(213, 160),
(214, 161),
(215, 162),
(216, 163),
(217, 164),
(218, 165),
(219, 166),
(220, 167),
(221, 168),
(222, 169),
(223, 170),
(224, 171),
(225, 172),
(226, 173),
(227, 174),
(228, 175),
(229, 176),
(230, 177),
(231, 178),
(232, 179),
(233, 180),
(234, 181),
(235, 182),
(236, 183),
(237, 184),
(238, 185),
(239, 186),
(240, 187),
(241, 188),
(242, 189),
(243, 190),
(244, 191),
(245, 192),
(246, 193),
(247, 194),
(248, 195),
(249, 196),
(250, 197),
(251, 198),
(252, 199),
(253, 200),
(254, 201),
(255, 202),
(256, 203),
(257, 204),
(258, 205),
(259, 206),
(260, 207),
(261, 208),
(262, 209),
(263, 210),
(264, 211),
(265, 212),
(266, 213),
(267, 213),
(268, 213),
(269, 213),
(270, 213),
(271, 213),
(272, 213),
(273, 213),
(274, 213),
(275, 213),
(276, 213),
(277, 213),
(278, 213),
(279, 213),
(280, 213),
(281, 213),
(282, 213),
(283, 213),
(284, 213),
(285, 213),
(286, 213),
(287, 213),
(288, 213),
(289, 213),
(290, 213),
(291, 213),
(292, 213),
(293, 213),
(294, 213),
(295, 213),
(296, 213),
(297, 213),
(298, 213),
(299, 213),
(300, 213),
(301, 213),
(302, 213),
(303, 213),
(304, 213),
(305, 213),
(306, 213),
(307, 213),
(308, 213),
(309, 213),
(310, 213),
(311, 213),
(312, 213),
(313, 213),
(314, 213),
(315, 213),
(316, 213),
(317, 213),
(318, 213),
(319, 213),
(320, 213),
(321, 213),
(322, 213),
(323, 213),
(324, 213),
(325, 213),
(326, 213),
(327, 213),
(328, 213),
(329, 213),
(330, 213),
(331, 213),
(332, 213),
(333, 213),
(334, 213),
(335, 213),
(336, 213),
(337, 213),
(338, 213),
(339, 213),
(340, 213),
(341, 213),
(342, 213),
(343, 213),
(344, 213),
(345, 213),
(346, 213),
(268, 214),
(518, 214),
(272, 215),
(700, 215),
(708, 215),
(273, 216),
(276, 217),
(812, 217),
(277, 218),
(810, 218),
(278, 219),
(709, 219),
(279, 220),
(517, 220),
(283, 221),
(796, 221),
(284, 222),
(286, 223),
(287, 224),
(288, 225),
(289, 226),
(290, 227),
(291, 228),
(292, 229),
(293, 230),
(294, 231),
(295, 232),
(710, 232),
(820, 232),
(296, 233),
(297, 234),
(298, 235),
(299, 236),
(300, 237),
(301, 238),
(302, 239),
(303, 240),
(304, 241),
(305, 242),
(306, 243),
(307, 244),
(308, 245),
(309, 246),
(310, 247),
(311, 248),
(312, 249),
(313, 250),
(314, 251),
(315, 252),
(316, 253),
(317, 254),
(318, 255),
(319, 256),
(320, 257),
(321, 258),
(322, 259),
(323, 260),
(324, 261),
(325, 262),
(326, 263),
(327, 264),
(328, 265),
(329, 266),
(330, 267),
(331, 268),
(332, 269),
(333, 270),
(334, 271),
(335, 272),
(336, 273),
(337, 274),
(338, 275),
(339, 276),
(340, 277),
(341, 278),
(342, 279),
(343, 280),
(344, 281),
(345, 282),
(346, 283),
(347, 284),
(348, 284),
(349, 284),
(350, 284),
(351, 284),
(352, 284),
(353, 284),
(354, 284),
(355, 284),
(356, 284),
(357, 284),
(358, 284),
(359, 284),
(360, 284),
(361, 284),
(362, 284),
(363, 284),
(364, 284),
(365, 284),
(366, 284),
(367, 284),
(368, 284),
(369, 284),
(370, 284),
(371, 284),
(372, 284),
(373, 284),
(374, 284),
(375, 284),
(376, 284),
(377, 284),
(378, 284),
(379, 284),
(380, 284),
(381, 284),
(382, 284),
(383, 284),
(384, 284),
(385, 284),
(386, 284),
(387, 284),
(388, 284),
(389, 284),
(390, 284),
(391, 284),
(392, 284),
(393, 284),
(394, 284),
(395, 284),
(396, 284),
(397, 284),
(398, 284),
(399, 284),
(400, 284),
(401, 284),
(402, 284),
(403, 284),
(404, 284),
(405, 284),
(406, 284),
(407, 284),
(408, 284),
(409, 284),
(410, 284),
(411, 284),
(412, 284),
(413, 284),
(414, 284),
(415, 284),
(416, 284),
(417, 284),
(418, 284),
(419, 284),
(420, 284),
(421, 284),
(422, 284),
(423, 284),
(424, 284),
(425, 284),
(426, 284),
(427, 284),
(428, 284),
(429, 284),
(430, 284),
(431, 284),
(432, 284),
(433, 284),
(434, 284),
(435, 284),
(436, 284),
(437, 284),
(438, 284),
(439, 284),
(440, 284),
(441, 284),
(442, 284),
(443, 284),
(444, 284),
(445, 284),
(446, 284),
(447, 284),
(448, 284),
(449, 284),
(450, 284),
(451, 284),
(452, 284),
(453, 284),
(454, 284),
(455, 284),
(456, 284),
(457, 284),
(458, 284),
(459, 284),
(460, 284),
(461, 284),
(462, 284),
(463, 284),
(464, 284),
(465, 284),
(466, 284),
(467, 284),
(468, 284),
(469, 284),
(470, 284),
(471, 284),
(472, 284),
(473, 284),
(474, 284),
(475, 284),
(476, 284),
(477, 284),
(478, 284),
(479, 284),
(480, 284),
(481, 284),
(482, 284),
(483, 284),
(484, 284),
(485, 284),
(486, 284),
(487, 284),
(488, 284),
(489, 284),
(490, 284),
(491, 284),
(492, 284),
(493, 284),
(494, 284),
(495, 284),
(496, 284),
(497, 284),
(498, 284),
(499, 284),
(500, 284),
(501, 284),
(502, 284),
(503, 284),
(504, 284),
(505, 284),
(506, 284),
(507, 284),
(351, 285),
(352, 286),
(353, 287),
(354, 288),
(355, 289),
(356, 290),
(357, 291),
(358, 292),
(359, 292),
(360, 292),
(361, 293),
(362, 293),
(363, 293),
(364, 294),
(365, 294),
(366, 294),
(367, 295),
(368, 295),
(369, 295),
(370, 296),
(371, 296),
(372, 296),
(373, 297),
(374, 297),
(375, 297),
(376, 298),
(377, 298),
(378, 298),
(379, 299),
(380, 299),
(381, 299),
(382, 300),
(383, 300),
(384, 300),
(385, 301),
(386, 301),
(387, 301),
(388, 302),
(389, 302),
(390, 302),
(391, 303),
(392, 303),
(393, 303),
(394, 304),
(395, 304),
(396, 304),
(397, 305),
(398, 305),
(399, 305),
(400, 306),
(401, 306),
(402, 306),
(403, 307),
(404, 307),
(405, 307),
(406, 308),
(407, 308),
(408, 308),
(409, 309),
(410, 309),
(411, 309),
(412, 310),
(413, 310),
(414, 310),
(415, 311),
(416, 311),
(417, 311),
(418, 312),
(419, 312),
(420, 312),
(421, 313),
(422, 313),
(423, 313),
(424, 314),
(425, 314),
(426, 314),
(427, 315),
(428, 315),
(429, 315),
(430, 316),
(431, 316),
(432, 316),
(433, 317),
(434, 317),
(435, 317),
(436, 318),
(437, 318),
(438, 318),
(439, 319),
(440, 319),
(441, 319),
(442, 320),
(443, 320),
(444, 320),
(445, 321),
(446, 321),
(447, 321),
(448, 322),
(449, 322),
(450, 322),
(451, 323),
(452, 323),
(453, 323),
(454, 324),
(455, 324),
(456, 324),
(457, 325),
(458, 325),
(459, 325),
(460, 326),
(461, 326),
(462, 326),
(463, 327),
(464, 327),
(465, 327),
(466, 328),
(467, 328),
(468, 328),
(469, 329),
(470, 329),
(471, 329),
(472, 330),
(473, 330),
(474, 330),
(475, 331),
(476, 331),
(477, 331),
(478, 332),
(479, 332),
(480, 332),
(481, 333),
(482, 333),
(483, 333),
(484, 334),
(485, 334),
(486, 334),
(487, 335),
(488, 335),
(489, 335),
(490, 336),
(491, 336),
(492, 336),
(493, 337),
(494, 337),
(495, 337),
(496, 338),
(497, 338),
(498, 338),
(499, 339),
(500, 339),
(501, 339),
(502, 340),
(503, 340),
(504, 340),
(505, 341),
(506, 341),
(507, 341),
(508, 342),
(509, 342),
(510, 342),
(511, 342),
(512, 342),
(513, 342),
(514, 342),
(515, 342),
(516, 342),
(517, 342),
(518, 342),
(519, 342),
(520, 342),
(521, 342),
(522, 342),
(523, 342),
(524, 342),
(525, 342),
(526, 342),
(527, 342),
(528, 342),
(529, 342),
(530, 342),
(531, 342),
(532, 342),
(533, 342),
(534, 342),
(535, 342),
(536, 342),
(537, 342),
(538, 342),
(539, 342),
(540, 342),
(541, 342),
(542, 342),
(543, 342),
(544, 342),
(545, 342),
(546, 342),
(547, 342),
(548, 342),
(549, 342),
(550, 342),
(551, 342),
(552, 342),
(553, 342),
(554, 342),
(555, 342),
(556, 342),
(557, 342),
(558, 342),
(559, 342),
(560, 342),
(561, 342),
(562, 342),
(563, 342),
(564, 342),
(565, 342),
(566, 342),
(567, 342),
(568, 342),
(569, 342),
(570, 342),
(571, 342),
(572, 342),
(573, 342),
(574, 342),
(575, 342),
(576, 342),
(577, 342),
(578, 342),
(512, 343),
(513, 344),
(514, 345),
(707, 345),
(515, 346),
(516, 347),
(519, 348),
(704, 348),
(520, 349),
(705, 349),
(521, 350),
(523, 351),
(524, 352),
(794, 352),
(525, 353),
(817, 353),
(526, 354),
(527, 355),
(528, 356),
(529, 357),
(530, 358),
(531, 359),
(532, 360),
(533, 361),
(534, 362),
(535, 363),
(536, 364),
(537, 365),
(538, 366),
(539, 367),
(540, 368),
(541, 369),
(542, 370),
(543, 371),
(544, 372),
(545, 373),
(546, 374),
(547, 375),
(548, 376),
(549, 377),
(550, 378),
(551, 379),
(552, 380),
(553, 381),
(554, 382),
(555, 383),
(556, 384),
(557, 385),
(558, 386),
(559, 387),
(560, 388),
(561, 389),
(562, 390),
(563, 391),
(564, 392),
(565, 393),
(566, 394),
(567, 395),
(568, 396),
(569, 397),
(570, 398),
(571, 399),
(572, 400),
(573, 401),
(574, 402),
(575, 403),
(576, 404),
(577, 405),
(578, 406),
(579, 407),
(580, 407),
(581, 407),
(582, 407),
(583, 407),
(584, 407),
(585, 407),
(586, 407),
(587, 407),
(588, 407),
(589, 407),
(590, 407),
(591, 407),
(592, 407),
(593, 407),
(594, 407),
(595, 407),
(596, 407),
(597, 407),
(598, 407),
(599, 407),
(600, 407),
(601, 407),
(602, 407),
(603, 407),
(604, 407),
(605, 407),
(606, 407),
(607, 407),
(608, 407),
(609, 407),
(610, 407),
(611, 407),
(612, 407),
(613, 407),
(614, 407),
(615, 407),
(616, 407),
(617, 407),
(618, 407),
(619, 407),
(620, 407),
(621, 407),
(622, 407),
(623, 407),
(624, 407),
(625, 407),
(626, 407),
(627, 407),
(628, 407),
(629, 407),
(630, 407),
(631, 407),
(632, 407),
(633, 407),
(634, 407),
(635, 407),
(636, 407),
(637, 407),
(638, 407),
(639, 407),
(640, 407),
(641, 407),
(642, 407),
(643, 407),
(644, 407),
(645, 407),
(646, 407),
(647, 407),
(648, 407),
(649, 407),
(650, 407),
(651, 407),
(652, 407),
(653, 407),
(654, 407),
(655, 407),
(656, 407),
(657, 407),
(658, 407),
(659, 407),
(660, 407),
(661, 407),
(662, 407),
(663, 407),
(664, 407),
(665, 407),
(666, 407),
(667, 407),
(668, 407),
(669, 407),
(670, 407),
(671, 407),
(672, 407),
(673, 407),
(581, 408),
(582, 408),
(583, 408),
(676, 408),
(677, 408),
(678, 408),
(584, 409),
(585, 409),
(586, 409),
(587, 410),
(588, 410),
(589, 410),
(590, 411),
(591, 411),
(592, 411),
(593, 412),
(594, 412),
(595, 412),
(596, 413),
(597, 413),
(598, 413),
(599, 414),
(600, 414),
(601, 414),
(602, 415),
(603, 415),
(604, 415),
(605, 416),
(606, 416),
(607, 416),
(608, 417),
(609, 417),
(610, 417),
(611, 418),
(612, 418),
(613, 418),
(614, 419),
(615, 419),
(616, 419),
(617, 420),
(618, 420),
(619, 420),
(620, 421),
(621, 421),
(622, 421),
(623, 422),
(624, 422),
(625, 422),
(626, 423),
(627, 423),
(628, 423),
(629, 424),
(630, 424),
(631, 424),
(632, 425),
(633, 425),
(634, 425),
(635, 426),
(636, 426),
(637, 426),
(638, 427),
(639, 427),
(640, 427),
(641, 428),
(642, 428),
(643, 428),
(644, 429),
(645, 429),
(646, 429),
(647, 430),
(648, 430),
(649, 430),
(650, 431),
(651, 431),
(652, 431),
(653, 432),
(654, 432),
(655, 432),
(656, 433),
(657, 433),
(658, 433),
(659, 434),
(660, 434),
(661, 434),
(662, 435),
(663, 435),
(664, 435),
(665, 436),
(666, 436),
(667, 436),
(668, 437),
(669, 437),
(670, 437),
(671, 438),
(672, 438),
(673, 438),
(674, 439),
(675, 439),
(676, 439),
(677, 439),
(678, 439),
(679, 439),
(680, 439),
(681, 439),
(682, 439),
(683, 439),
(684, 439),
(685, 439),
(686, 439),
(687, 439),
(688, 439),
(689, 439),
(690, 439),
(691, 439),
(692, 439),
(693, 439),
(694, 439),
(695, 439),
(679, 440),
(680, 441),
(681, 442),
(682, 443),
(683, 444),
(684, 445),
(685, 446),
(686, 447),
(687, 448),
(688, 449),
(689, 450),
(690, 451),
(691, 452),
(692, 453),
(693, 454),
(694, 455),
(695, 456),
(696, 457),
(697, 457),
(698, 457),
(699, 457),
(700, 457),
(701, 457),
(698, 458),
(699, 459),
(701, 460),
(702, 461),
(703, 461),
(704, 461),
(705, 461),
(706, 461),
(707, 461),
(708, 461),
(709, 461),
(710, 461),
(711, 461),
(712, 461),
(713, 461),
(714, 461),
(715, 461),
(716, 461),
(717, 461),
(718, 461),
(719, 461),
(720, 461),
(721, 461),
(722, 461),
(723, 461),
(724, 461),
(725, 461),
(726, 461),
(727, 461),
(728, 461),
(729, 461),
(730, 461),
(731, 461),
(732, 461),
(733, 461),
(734, 461),
(735, 461),
(736, 461),
(737, 461),
(738, 461),
(739, 461),
(740, 461),
(741, 461),
(742, 461),
(743, 461),
(744, 461),
(745, 461),
(746, 461),
(747, 461),
(748, 461),
(749, 461),
(750, 461),
(751, 461),
(752, 461),
(753, 461),
(754, 461),
(755, 461),
(756, 461),
(757, 461),
(758, 461),
(759, 461),
(760, 461),
(761, 461),
(762, 461),
(763, 461),
(764, 461),
(765, 461),
(766, 461),
(706, 462),
(711, 463),
(712, 464),
(713, 465),
(714, 466),
(715, 467),
(716, 468),
(717, 469),
(718, 470),
(719, 471),
(720, 472),
(721, 473),
(722, 474),
(723, 475),
(724, 476),
(725, 477),
(726, 478),
(727, 479),
(728, 480),
(729, 481),
(730, 482),
(731, 483),
(732, 484),
(733, 485),
(734, 486),
(735, 487),
(736, 488),
(737, 489),
(738, 490),
(739, 491),
(740, 492),
(741, 493),
(742, 494),
(743, 495),
(744, 496),
(745, 497),
(746, 498),
(747, 499),
(748, 500),
(749, 501),
(750, 502),
(751, 503),
(752, 504),
(753, 505),
(754, 506),
(755, 507),
(756, 508),
(757, 509),
(758, 510),
(759, 511),
(760, 512),
(761, 513),
(762, 514),
(763, 515),
(764, 516),
(765, 517),
(766, 518),
(767, 519),
(768, 519),
(769, 519),
(770, 519),
(771, 519),
(772, 519),
(773, 519),
(774, 519),
(775, 519),
(776, 519),
(777, 519),
(778, 519),
(769, 520),
(770, 520),
(771, 520),
(772, 521),
(773, 521),
(774, 521),
(775, 522),
(776, 522),
(777, 522),
(778, 523),
(779, 524),
(780, 524),
(781, 524),
(782, 524),
(783, 524),
(784, 524),
(785, 524),
(786, 524),
(787, 524),
(788, 524),
(789, 524),
(790, 524),
(791, 524),
(792, 524),
(793, 524),
(794, 524),
(795, 524),
(796, 524),
(797, 524),
(798, 524),
(799, 524),
(800, 524),
(801, 524),
(802, 524),
(803, 524),
(804, 524),
(805, 524),
(806, 524),
(807, 524),
(808, 524),
(809, 524),
(810, 524),
(811, 524),
(812, 524),
(813, 524),
(814, 524),
(815, 524),
(816, 524),
(817, 524),
(818, 524),
(819, 524),
(820, 524),
(821, 524),
(822, 524),
(823, 524),
(824, 524),
(825, 524),
(826, 524),
(827, 524),
(828, 524),
(829, 524),
(830, 524),
(831, 524),
(832, 524),
(833, 524),
(834, 524),
(835, 524),
(836, 524),
(837, 524),
(838, 524),
(839, 524),
(840, 524),
(841, 524),
(842, 524),
(843, 524),
(844, 524),
(845, 524),
(846, 524),
(847, 524),
(848, 524),
(849, 524),
(850, 524),
(851, 524),
(852, 524),
(853, 524),
(854, 524),
(855, 524),
(856, 524),
(857, 524),
(858, 524),
(859, 524),
(860, 524),
(861, 524),
(862, 524),
(863, 524),
(864, 524),
(865, 524),
(866, 524),
(867, 524),
(868, 524),
(782, 525),
(783, 526),
(784, 527),
(785, 528),
(786, 529),
(787, 530),
(788, 531),
(789, 532),
(790, 533),
(791, 534),
(792, 535),
(793, 536),
(795, 537),
(797, 538),
(798, 539),
(799, 540),
(800, 541),
(801, 542),
(802, 543),
(803, 544),
(804, 545),
(805, 546),
(806, 547),
(807, 548),
(808, 549),
(809, 550),
(811, 551),
(813, 552),
(814, 553),
(815, 554),
(818, 555),
(819, 556),
(821, 557),
(822, 558),
(823, 559),
(824, 560),
(825, 561),
(826, 562),
(827, 563),
(828, 564),
(829, 565),
(830, 566),
(831, 567),
(832, 568),
(833, 569),
(834, 570),
(835, 571),
(836, 572),
(837, 573),
(838, 574),
(839, 575),
(840, 576),
(841, 577),
(843, 578),
(844, 579),
(845, 580),
(846, 581),
(847, 582),
(848, 583),
(849, 584),
(850, 585),
(851, 586),
(852, 587),
(853, 588),
(854, 589),
(855, 590),
(856, 591),
(857, 592),
(858, 593),
(859, 594),
(860, 595),
(861, 596),
(862, 597),
(863, 598),
(864, 599),
(865, 600),
(866, 601),
(867, 602),
(868, 603);

--
-- Truncate table before insert `ATTRIBUTE_PATH`
--

TRUNCATE TABLE `ATTRIBUTE_PATH`;
--
-- Dumping data for table `ATTRIBUTE_PATH`
--

INSERT INTO `ATTRIBUTE_PATH` (`ID`, `ATTRIBUTE_PATH`) VALUES
(1, '[1]'),
(2, '[2]'),
(3, '[3]'),
(4, '[4]'),
(5, '[5]'),
(6, '[6]'),
(7, '[7]'),
(8, '[8]'),
(9, '[9]'),
(10, '[10]'),
(11, '[11]'),
(12, '[12]'),
(13, '[13]'),
(14, '[14]'),
(15, '[15]'),
(16, '[16]'),
(17, '[17]'),
(18, '[18]'),
(19, '[19]'),
(20, '[20]'),
(21, '[21]'),
(22, '[22]'),
(23, '[23]'),
(24, '[24]'),
(25, '[25]'),
(26, '[26]'),
(27, '[27]'),
(28, '[28]'),
(29, '[29]'),
(30, '[30]'),
(31, '[31]'),
(32, '[32]'),
(33, '[33]'),
(34, '[8,1]'),
(35, '[8,34]'),
(36, '[8,35]'),
(37, '[10,1]'),
(38, '[10,34]'),
(39, '[10,35]'),
(40, '[36]'),
(41, '[37]'),
(42, '[38]'),
(43, '[39]'),
(44, '[40]'),
(45, '[40,1]'),
(46, '[40,36]'),
(47, '[40,41]'),
(48, '[40,42]'),
(49, '[40,43]'),
(50, '[40,44]'),
(51, '[40,44,1]'),
(52, '[40,45]'),
(53, '[40,45,1]'),
(54, '[40,45,43]'),
(55, '[40,46]'),
(56, '[40,46,1]'),
(57, '[40,46,43]'),
(58, '[40,47]'),
(59, '[40,47,1]'),
(60, '[40,47,36]'),
(61, '[40,47,48]'),
(62, '[40,47,43]'),
(63, '[40,47,44]'),
(64, '[40,47,44,1]'),
(65, '[40,47,45]'),
(66, '[40,47,45,1]'),
(67, '[40,47,45,43]'),
(68, '[40,47,46]'),
(69, '[40,47,46,1]'),
(70, '[40,47,46,43]'),
(71, '[49]'),
(72, '[49,1]'),
(73, '[49,50]'),
(74, '[49,51]'),
(75, '[49,51,1]'),
(76, '[49,51,43]'),
(77, '[49,52]'),
(78, '[49,52,1]'),
(79, '[49,52,43]'),
(80, '[49,53]'),
(81, '[49,53,1]'),
(82, '[49,53,43]'),
(83, '[49,54]'),
(84, '[49,54,1]'),
(85, '[49,54,43]'),
(86, '[49,55]'),
(87, '[49,55,1]'),
(88, '[49,55,43]'),
(89, '[49,56]'),
(90, '[49,56,1]'),
(91, '[49,56,43]'),
(92, '[49,57]'),
(93, '[49,57,1]'),
(94, '[49,57,43]'),
(95, '[49,58]'),
(96, '[49,58,1]'),
(97, '[49,58,43]'),
(98, '[49,59]'),
(99, '[49,59,1]'),
(100, '[49,59,43]'),
(101, '[49,60]'),
(102, '[49,60,1]'),
(103, '[49,60,43]'),
(104, '[49,61]'),
(105, '[49,61,1]'),
(106, '[49,61,43]'),
(107, '[49,62]'),
(108, '[49,62,1]'),
(109, '[49,62,43]'),
(110, '[63]'),
(111, '[63,1]'),
(112, '[63,64]'),
(113, '[63,64,1]'),
(114, '[63,64,43]'),
(115, '[63,65]'),
(116, '[63,66]'),
(117, '[63,67]'),
(118, '[63,68]'),
(119, '[63,69]'),
(120, '[63,70]'),
(121, '[63,71]'),
(122, '[63,72]'),
(123, '[63,73]'),
(124, '[63,74]'),
(125, '[63,75]'),
(126, '[63,76]'),
(127, '[63,77]'),
(128, '[63,78]'),
(129, '[63,79]'),
(130, '[63,80]'),
(131, '[63,81]'),
(132, '[63,82]'),
(133, '[63,83]'),
(134, '[63,84]'),
(135, '[63,84,1]'),
(136, '[63,84,43]'),
(137, '[63,85]'),
(138, '[63,86]'),
(139, '[63,87]'),
(140, '[63,88]'),
(141, '[63,89]'),
(142, '[63,90]'),
(143, '[63,91]'),
(144, '[63,92]'),
(145, '[63,93]'),
(146, '[63,94]'),
(147, '[63,95]'),
(148, '[63,96]'),
(149, '[63,97]'),
(150, '[63,98]'),
(151, '[63,99]'),
(152, '[63,100]'),
(153, '[63,101]'),
(154, '[63,102]'),
(155, '[63,103]'),
(156, '[63,104]'),
(157, '[63,105]'),
(158, '[63,106]'),
(159, '[63,107]'),
(160, '[63,108]'),
(161, '[63,109]'),
(162, '[63,110]'),
(163, '[63,111]'),
(164, '[63,112]'),
(165, '[63,113]'),
(166, '[63,114]'),
(167, '[63,115]'),
(168, '[63,116]'),
(169, '[63,117]'),
(170, '[63,118]'),
(171, '[63,119]'),
(172, '[63,120]'),
(173, '[63,121]'),
(174, '[63,122]'),
(175, '[63,123]'),
(176, '[63,124]'),
(177, '[63,125]'),
(178, '[63,126]'),
(179, '[63,127]'),
(180, '[63,128]'),
(181, '[63,129]'),
(182, '[63,130]'),
(183, '[63,131]'),
(184, '[63,132]'),
(185, '[63,133]'),
(186, '[63,134]'),
(187, '[63,135]'),
(188, '[63,136]'),
(189, '[63,137]'),
(190, '[63,138]'),
(191, '[63,139]'),
(192, '[140]'),
(193, '[140,1]'),
(194, '[140,141]'),
(195, '[140,142]'),
(196, '[140,143]'),
(197, '[140,144]'),
(198, '[140,145]'),
(199, '[140,146]'),
(200, '[140,147]'),
(201, '[140,148]'),
(202, '[140,149]'),
(203, '[140,150]'),
(204, '[140,151]'),
(205, '[140,152]'),
(206, '[140,153]'),
(207, '[140,154]'),
(208, '[140,155]'),
(209, '[140,156]'),
(210, '[140,157]'),
(211, '[140,158]'),
(212, '[140,159]'),
(213, '[140,160]'),
(214, '[140,161]'),
(215, '[140,162]'),
(216, '[140,163]'),
(217, '[140,164]'),
(218, '[140,165]'),
(219, '[140,166]'),
(220, '[140,167]'),
(221, '[140,168]'),
(222, '[140,169]'),
(223, '[140,170]'),
(224, '[140,171]'),
(225, '[140,172]'),
(226, '[140,173]'),
(227, '[140,174]'),
(228, '[140,175]'),
(229, '[140,176]'),
(230, '[140,177]'),
(231, '[140,178]'),
(232, '[140,179]'),
(233, '[140,180]'),
(234, '[140,181]'),
(235, '[140,182]'),
(236, '[140,183]'),
(237, '[140,184]'),
(238, '[140,185]'),
(239, '[140,186]'),
(240, '[140,187]'),
(241, '[140,188]'),
(242, '[140,189]'),
(243, '[140,190]'),
(244, '[140,191]'),
(245, '[140,192]'),
(246, '[140,193]'),
(247, '[140,194]'),
(248, '[140,195]'),
(249, '[140,196]'),
(250, '[140,197]'),
(251, '[140,198]'),
(252, '[140,199]'),
(253, '[140,200]'),
(254, '[140,201]'),
(255, '[140,202]'),
(256, '[140,203]'),
(257, '[140,204]'),
(258, '[140,205]'),
(259, '[140,206]'),
(260, '[140,207]'),
(261, '[140,208]'),
(262, '[140,209]'),
(263, '[140,210]'),
(264, '[140,211]'),
(265, '[140,212]'),
(266, '[213]'),
(267, '[213,1]'),
(268, '[213,214]'),
(269, '[213,65]'),
(270, '[213,76]'),
(271, '[213,75]'),
(272, '[213,215]'),
(273, '[213,216]'),
(274, '[213,51]'),
(275, '[213,52]'),
(276, '[213,217]'),
(277, '[213,218]'),
(278, '[213,219]'),
(279, '[213,220]'),
(280, '[213,72]'),
(281, '[213,71]'),
(282, '[213,56]'),
(283, '[213,221]'),
(284, '[213,222]'),
(285, '[213,57]'),
(286, '[213,223]'),
(287, '[213,224]'),
(288, '[213,225]'),
(289, '[213,226]'),
(290, '[213,227]'),
(291, '[213,228]'),
(292, '[213,229]'),
(293, '[213,230]'),
(294, '[213,231]'),
(295, '[213,232]'),
(296, '[213,233]'),
(297, '[213,234]'),
(298, '[213,235]'),
(299, '[213,236]'),
(300, '[213,237]'),
(301, '[213,238]'),
(302, '[213,239]'),
(303, '[213,240]'),
(304, '[213,241]'),
(305, '[213,242]'),
(306, '[213,243]'),
(307, '[213,244]'),
(308, '[213,245]'),
(309, '[213,246]'),
(310, '[213,247]'),
(311, '[213,248]'),
(312, '[213,249]'),
(313, '[213,250]'),
(314, '[213,251]'),
(315, '[213,252]'),
(316, '[213,253]'),
(317, '[213,254]'),
(318, '[213,255]'),
(319, '[213,256]'),
(320, '[213,257]'),
(321, '[213,258]'),
(322, '[213,259]'),
(323, '[213,260]'),
(324, '[213,261]'),
(325, '[213,262]'),
(326, '[213,263]'),
(327, '[213,264]'),
(328, '[213,265]'),
(329, '[213,266]'),
(330, '[213,267]'),
(331, '[213,268]'),
(332, '[213,269]'),
(333, '[213,270]'),
(334, '[213,271]'),
(335, '[213,272]'),
(336, '[213,273]'),
(337, '[213,274]'),
(338, '[213,275]'),
(339, '[213,276]'),
(340, '[213,277]'),
(341, '[213,278]'),
(342, '[213,279]'),
(343, '[213,280]'),
(344, '[213,281]'),
(345, '[213,282]'),
(346, '[213,283]'),
(347, '[284]'),
(348, '[284,1]'),
(349, '[284,65]'),
(350, '[284,71]'),
(351, '[284,285]'),
(352, '[284,286]'),
(353, '[284,287]'),
(354, '[284,288]'),
(355, '[284,289]'),
(356, '[284,290]'),
(357, '[284,291]'),
(358, '[284,292]'),
(359, '[284,292,1]'),
(360, '[284,292,43]'),
(361, '[284,293]'),
(362, '[284,293,1]'),
(363, '[284,293,43]'),
(364, '[284,294]'),
(365, '[284,294,1]'),
(366, '[284,294,43]'),
(367, '[284,295]'),
(368, '[284,295,1]'),
(369, '[284,295,43]'),
(370, '[284,296]'),
(371, '[284,296,1]'),
(372, '[284,296,43]'),
(373, '[284,297]'),
(374, '[284,297,1]'),
(375, '[284,297,43]'),
(376, '[284,298]'),
(377, '[284,298,1]'),
(378, '[284,298,43]'),
(379, '[284,299]'),
(380, '[284,299,1]'),
(381, '[284,299,43]'),
(382, '[284,300]'),
(383, '[284,300,1]'),
(384, '[284,300,43]'),
(385, '[284,301]'),
(386, '[284,301,1]'),
(387, '[284,301,43]'),
(388, '[284,302]'),
(389, '[284,302,1]'),
(390, '[284,302,43]'),
(391, '[284,303]'),
(392, '[284,303,1]'),
(393, '[284,303,43]'),
(394, '[284,304]'),
(395, '[284,304,1]'),
(396, '[284,304,43]'),
(397, '[284,305]'),
(398, '[284,305,1]'),
(399, '[284,305,43]'),
(400, '[284,306]'),
(401, '[284,306,1]'),
(402, '[284,306,43]'),
(403, '[284,307]'),
(404, '[284,307,1]'),
(405, '[284,307,43]'),
(406, '[284,308]'),
(407, '[284,308,1]'),
(408, '[284,308,43]'),
(409, '[284,309]'),
(410, '[284,309,1]'),
(411, '[284,309,43]'),
(412, '[284,310]'),
(413, '[284,310,1]'),
(414, '[284,310,43]'),
(415, '[284,311]'),
(416, '[284,311,1]'),
(417, '[284,311,43]'),
(418, '[284,312]'),
(419, '[284,312,1]'),
(420, '[284,312,43]'),
(421, '[284,313]'),
(422, '[284,313,1]'),
(423, '[284,313,43]'),
(424, '[284,314]'),
(425, '[284,314,1]'),
(426, '[284,314,43]'),
(427, '[284,315]'),
(428, '[284,315,1]'),
(429, '[284,315,43]'),
(430, '[284,316]'),
(431, '[284,316,1]'),
(432, '[284,316,43]'),
(433, '[284,317]'),
(434, '[284,317,1]'),
(435, '[284,317,43]'),
(436, '[284,318]'),
(437, '[284,318,1]'),
(438, '[284,318,43]'),
(439, '[284,319]'),
(440, '[284,319,1]'),
(441, '[284,319,43]'),
(442, '[284,320]'),
(443, '[284,320,1]'),
(444, '[284,320,43]'),
(445, '[284,321]'),
(446, '[284,321,1]'),
(447, '[284,321,43]'),
(448, '[284,322]'),
(449, '[284,322,1]'),
(450, '[284,322,43]'),
(451, '[284,323]'),
(452, '[284,323,1]'),
(453, '[284,323,43]'),
(454, '[284,324]'),
(455, '[284,324,1]'),
(456, '[284,324,43]'),
(457, '[284,325]'),
(458, '[284,325,1]'),
(459, '[284,325,43]'),
(460, '[284,326]'),
(461, '[284,326,1]'),
(462, '[284,326,43]'),
(463, '[284,327]'),
(464, '[284,327,1]'),
(465, '[284,327,43]'),
(466, '[284,328]'),
(467, '[284,328,1]'),
(468, '[284,328,43]'),
(469, '[284,329]'),
(470, '[284,329,1]'),
(471, '[284,329,43]'),
(472, '[284,330]'),
(473, '[284,330,1]'),
(474, '[284,330,43]'),
(475, '[284,331]'),
(476, '[284,331,1]'),
(477, '[284,331,43]'),
(478, '[284,332]'),
(479, '[284,332,1]'),
(480, '[284,332,43]'),
(481, '[284,333]'),
(482, '[284,333,1]'),
(483, '[284,333,43]'),
(484, '[284,334]'),
(485, '[284,334,1]'),
(486, '[284,334,43]'),
(487, '[284,335]'),
(488, '[284,335,1]'),
(489, '[284,335,43]'),
(490, '[284,336]'),
(491, '[284,336,1]'),
(492, '[284,336,43]'),
(493, '[284,337]'),
(494, '[284,337,1]'),
(495, '[284,337,43]'),
(496, '[284,338]'),
(497, '[284,338,1]'),
(498, '[284,338,43]'),
(499, '[284,339]'),
(500, '[284,339,1]'),
(501, '[284,339,43]'),
(502, '[284,340]'),
(503, '[284,340,1]'),
(504, '[284,340,43]'),
(505, '[284,341]'),
(506, '[284,341,1]'),
(507, '[284,341,43]'),
(508, '[342]'),
(509, '[342,1]'),
(510, '[342,77]'),
(511, '[342,71]'),
(512, '[342,343]'),
(513, '[342,344]'),
(514, '[342,345]'),
(515, '[342,346]'),
(516, '[342,347]'),
(517, '[342,220]'),
(518, '[342,214]'),
(519, '[342,348]'),
(520, '[342,349]'),
(521, '[342,350]'),
(522, '[342,72]'),
(523, '[342,351]'),
(524, '[342,352]'),
(525, '[342,353]'),
(526, '[342,354]'),
(527, '[342,355]'),
(528, '[342,356]'),
(529, '[342,357]'),
(530, '[342,358]'),
(531, '[342,359]'),
(532, '[342,360]'),
(533, '[342,361]'),
(534, '[342,362]'),
(535, '[342,363]'),
(536, '[342,364]'),
(537, '[342,365]'),
(538, '[342,366]'),
(539, '[342,367]'),
(540, '[342,368]'),
(541, '[342,369]'),
(542, '[342,370]'),
(543, '[342,371]'),
(544, '[342,372]'),
(545, '[342,373]'),
(546, '[342,374]'),
(547, '[342,375]'),
(548, '[342,376]'),
(549, '[342,377]'),
(550, '[342,378]'),
(551, '[342,379]'),
(552, '[342,380]'),
(553, '[342,381]'),
(554, '[342,382]'),
(555, '[342,383]'),
(556, '[342,384]'),
(557, '[342,385]'),
(558, '[342,386]'),
(559, '[342,387]'),
(560, '[342,388]'),
(561, '[342,389]'),
(562, '[342,390]'),
(563, '[342,391]'),
(564, '[342,392]'),
(565, '[342,393]'),
(566, '[342,394]'),
(567, '[342,395]'),
(568, '[342,396]'),
(569, '[342,397]'),
(570, '[342,398]'),
(571, '[342,399]'),
(572, '[342,400]'),
(573, '[342,401]'),
(574, '[342,402]'),
(575, '[342,403]'),
(576, '[342,404]'),
(577, '[342,405]'),
(578, '[342,406]'),
(579, '[407]'),
(580, '[407,1]'),
(581, '[407,408]'),
(582, '[407,408,1]'),
(583, '[407,408,43]'),
(584, '[407,409]'),
(585, '[407,409,1]'),
(586, '[407,409,43]'),
(587, '[407,410]'),
(588, '[407,410,1]'),
(589, '[407,410,43]'),
(590, '[407,411]'),
(591, '[407,411,1]'),
(592, '[407,411,43]'),
(593, '[407,412]'),
(594, '[407,412,1]'),
(595, '[407,412,43]'),
(596, '[407,413]'),
(597, '[407,413,1]'),
(598, '[407,413,43]'),
(599, '[407,414]'),
(600, '[407,414,1]'),
(601, '[407,414,43]'),
(602, '[407,415]'),
(603, '[407,415,1]'),
(604, '[407,415,43]'),
(605, '[407,416]'),
(606, '[407,416,1]'),
(607, '[407,416,43]'),
(608, '[407,417]'),
(609, '[407,417,1]'),
(610, '[407,417,43]'),
(611, '[407,418]'),
(612, '[407,418,1]'),
(613, '[407,418,43]'),
(614, '[407,419]'),
(615, '[407,419,1]'),
(616, '[407,419,43]'),
(617, '[407,420]'),
(618, '[407,420,1]'),
(619, '[407,420,43]'),
(620, '[407,421]'),
(621, '[407,421,1]'),
(622, '[407,421,43]'),
(623, '[407,422]'),
(624, '[407,422,1]'),
(625, '[407,422,43]'),
(626, '[407,423]'),
(627, '[407,423,1]'),
(628, '[407,423,43]'),
(629, '[407,424]'),
(630, '[407,424,1]'),
(631, '[407,424,43]'),
(632, '[407,425]'),
(633, '[407,425,1]'),
(634, '[407,425,43]'),
(635, '[407,426]'),
(636, '[407,426,1]'),
(637, '[407,426,43]'),
(638, '[407,427]'),
(639, '[407,427,1]'),
(640, '[407,427,43]'),
(641, '[407,428]'),
(642, '[407,428,1]'),
(643, '[407,428,43]'),
(644, '[407,429]'),
(645, '[407,429,1]'),
(646, '[407,429,43]'),
(647, '[407,430]'),
(648, '[407,430,1]'),
(649, '[407,430,43]'),
(650, '[407,431]'),
(651, '[407,431,1]'),
(652, '[407,431,43]'),
(653, '[407,432]'),
(654, '[407,432,1]'),
(655, '[407,432,43]'),
(656, '[407,433]'),
(657, '[407,433,1]'),
(658, '[407,433,43]'),
(659, '[407,434]'),
(660, '[407,434,1]'),
(661, '[407,434,43]'),
(662, '[407,435]'),
(663, '[407,435,1]'),
(664, '[407,435,43]'),
(665, '[407,436]'),
(666, '[407,436,1]'),
(667, '[407,436,43]'),
(668, '[407,437]'),
(669, '[407,437,1]'),
(670, '[407,437,43]'),
(671, '[407,438]'),
(672, '[407,438,1]'),
(673, '[407,438,43]'),
(674, '[439]'),
(675, '[439,1]'),
(676, '[439,408]'),
(677, '[439,408,1]'),
(678, '[439,408,43]'),
(679, '[439,440]'),
(680, '[439,441]'),
(681, '[439,442]'),
(682, '[439,443]'),
(683, '[439,444]'),
(684, '[439,445]'),
(685, '[439,446]'),
(686, '[439,447]'),
(687, '[439,448]'),
(688, '[439,449]'),
(689, '[439,450]'),
(690, '[439,451]'),
(691, '[439,452]'),
(692, '[439,453]'),
(693, '[439,454]'),
(694, '[439,455]'),
(695, '[439,456]'),
(696, '[457]'),
(697, '[457,1]'),
(698, '[457,458]'),
(699, '[457,459]'),
(700, '[457,215]'),
(701, '[457,460]'),
(702, '[461]'),
(703, '[461,1]'),
(704, '[461,348]'),
(705, '[461,349]'),
(706, '[461,462]'),
(707, '[461,345]'),
(708, '[461,215]'),
(709, '[461,219]'),
(710, '[461,232]'),
(711, '[461,463]'),
(712, '[461,464]'),
(713, '[461,465]'),
(714, '[461,466]'),
(715, '[461,467]'),
(716, '[461,468]'),
(717, '[461,469]'),
(718, '[461,470]'),
(719, '[461,471]'),
(720, '[461,472]'),
(721, '[461,473]'),
(722, '[461,474]'),
(723, '[461,475]'),
(724, '[461,476]'),
(725, '[461,477]'),
(726, '[461,478]'),
(727, '[461,479]'),
(728, '[461,480]'),
(729, '[461,481]'),
(730, '[461,482]'),
(731, '[461,483]'),
(732, '[461,484]'),
(733, '[461,485]'),
(734, '[461,486]'),
(735, '[461,487]'),
(736, '[461,488]'),
(737, '[461,489]'),
(738, '[461,490]'),
(739, '[461,491]'),
(740, '[461,492]'),
(741, '[461,493]'),
(742, '[461,494]'),
(743, '[461,495]'),
(744, '[461,496]'),
(745, '[461,497]'),
(746, '[461,498]'),
(747, '[461,499]'),
(748, '[461,500]'),
(749, '[461,501]'),
(750, '[461,502]'),
(751, '[461,503]'),
(752, '[461,504]'),
(753, '[461,505]'),
(754, '[461,506]'),
(755, '[461,507]'),
(756, '[461,508]'),
(757, '[461,509]'),
(758, '[461,510]'),
(759, '[461,511]'),
(760, '[461,512]'),
(761, '[461,513]'),
(762, '[461,514]'),
(763, '[461,515]'),
(764, '[461,516]'),
(765, '[461,517]'),
(766, '[461,518]'),
(767, '[519]'),
(768, '[519,1]'),
(769, '[519,520]'),
(770, '[519,520,1]'),
(771, '[519,520,43]'),
(772, '[519,521]'),
(773, '[519,521,1]'),
(774, '[519,521,43]'),
(775, '[519,522]'),
(776, '[519,522,1]'),
(777, '[519,522,43]'),
(778, '[519,523]'),
(779, '[524]'),
(780, '[524,1]'),
(781, '[524,141]'),
(782, '[524,525]'),
(783, '[524,526]'),
(784, '[524,527]'),
(785, '[524,528]'),
(786, '[524,529]'),
(787, '[524,530]'),
(788, '[524,531]'),
(789, '[524,532]'),
(790, '[524,533]'),
(791, '[524,534]'),
(792, '[524,535]'),
(793, '[524,536]'),
(794, '[524,352]'),
(795, '[524,537]'),
(796, '[524,221]'),
(797, '[524,538]'),
(798, '[524,539]'),
(799, '[524,540]'),
(800, '[524,541]'),
(801, '[524,542]'),
(802, '[524,543]'),
(803, '[524,544]'),
(804, '[524,545]'),
(805, '[524,546]'),
(806, '[524,547]'),
(807, '[524,548]'),
(808, '[524,549]'),
(809, '[524,550]'),
(810, '[524,218]'),
(811, '[524,551]'),
(812, '[524,217]'),
(813, '[524,552]'),
(814, '[524,553]'),
(815, '[524,554]'),
(816, '[524,72]'),
(817, '[524,353]'),
(818, '[524,555]'),
(819, '[524,556]'),
(820, '[524,232]'),
(821, '[524,557]'),
(822, '[524,558]'),
(823, '[524,559]'),
(824, '[524,560]'),
(825, '[524,561]'),
(826, '[524,562]'),
(827, '[524,563]'),
(828, '[524,564]'),
(829, '[524,565]'),
(830, '[524,566]'),
(831, '[524,567]'),
(832, '[524,568]'),
(833, '[524,569]'),
(834, '[524,570]'),
(835, '[524,571]'),
(836, '[524,572]'),
(837, '[524,573]'),
(838, '[524,574]'),
(839, '[524,575]'),
(840, '[524,576]'),
(841, '[524,577]'),
(842, '[524,69]'),
(843, '[524,578]'),
(844, '[524,579]'),
(845, '[524,580]'),
(846, '[524,581]'),
(847, '[524,582]'),
(848, '[524,583]'),
(849, '[524,584]'),
(850, '[524,585]'),
(851, '[524,586]'),
(852, '[524,587]'),
(853, '[524,588]'),
(854, '[524,589]'),
(855, '[524,590]'),
(856, '[524,591]'),
(857, '[524,592]'),
(858, '[524,593]'),
(859, '[524,594]'),
(860, '[524,595]'),
(861, '[524,596]'),
(862, '[524,597]'),
(863, '[524,598]'),
(864, '[524,599]'),
(865, '[524,600]'),
(866, '[524,601]'),
(867, '[524,602]'),
(868, '[524,603]');

--
-- Truncate table before insert `SCHEMAS_ATTRIBUTE_PATHS`
--

TRUNCATE TABLE `SCHEMAS_ATTRIBUTE_PATHS`;
--
-- Dumping data for table `SCHEMAS_ATTRIBUTE_PATHS`
--

INSERT INTO `SCHEMAS_ATTRIBUTE_PATHS` (`SCHEMA_ID`, `ATTRIBUTE_PATH_ID`) VALUES
(1, 1),
(2, 1),
(3, 1),
(4, 1),
(1, 2),
(1, 3),
(2, 3),
(1, 4),
(2, 5),
(2, 6),
(2, 7),
(2, 8),
(2, 9),
(2, 10),
(2, 11),
(2, 12),
(2, 13),
(2, 14),
(2, 15),
(2, 16),
(2, 17),
(2, 18),
(2, 19),
(2, 20),
(2, 21),
(2, 22),
(2, 23),
(2, 24),
(2, 25),
(2, 26),
(2, 27),
(2, 28),
(2, 29),
(2, 30),
(2, 31),
(2, 32),
(2, 33),
(2, 34),
(2, 35),
(2, 36),
(2, 37),
(2, 38),
(2, 39),
(3, 40),
(3, 41),
(3, 42),
(3, 43),
(3, 44),
(3, 45),
(3, 46),
(3, 47),
(3, 48),
(3, 49),
(3, 50),
(3, 51),
(3, 52),
(3, 53),
(3, 54),
(3, 55),
(3, 56),
(3, 57),
(3, 58),
(3, 59),
(3, 60),
(3, 61),
(3, 62),
(3, 63),
(3, 64),
(3, 65),
(3, 66),
(3, 67),
(3, 68),
(3, 69),
(3, 70),
(4, 71),
(4, 72),
(4, 73),
(4, 74),
(4, 75),
(4, 76),
(4, 77),
(4, 78),
(4, 79),
(4, 80),
(4, 81),
(4, 82),
(4, 83),
(4, 84),
(4, 85),
(4, 86),
(4, 87),
(4, 88),
(4, 89),
(4, 90),
(4, 91),
(4, 92),
(4, 93),
(4, 94),
(4, 95),
(4, 96),
(4, 97),
(4, 98),
(4, 99),
(4, 100),
(4, 101),
(4, 102),
(4, 103),
(4, 104),
(4, 105),
(4, 106),
(4, 107),
(4, 108),
(4, 109),
(4, 110),
(4, 111),
(4, 112),
(4, 113),
(4, 114),
(4, 115),
(4, 116),
(4, 117),
(4, 118),
(4, 119),
(4, 120),
(4, 121),
(4, 122),
(4, 123),
(4, 124),
(4, 125),
(4, 126),
(4, 127),
(4, 128),
(4, 129),
(4, 130),
(4, 131),
(4, 132),
(4, 133),
(4, 134),
(4, 135),
(4, 136),
(4, 137),
(4, 138),
(4, 139),
(4, 140),
(4, 141),
(4, 142),
(4, 143),
(4, 144),
(4, 145),
(4, 146),
(4, 147),
(4, 148),
(4, 149),
(4, 150),
(4, 151),
(4, 152),
(4, 153),
(4, 154),
(4, 155),
(4, 156),
(4, 157),
(4, 158),
(4, 159),
(4, 160),
(4, 161),
(4, 162),
(4, 163),
(4, 164),
(4, 165),
(4, 166),
(4, 167),
(4, 168),
(4, 169),
(4, 170),
(4, 171),
(4, 172),
(4, 173),
(4, 174),
(4, 175),
(4, 176),
(4, 177),
(4, 178),
(4, 179),
(4, 180),
(4, 181),
(4, 182),
(4, 183),
(4, 184),
(4, 185),
(4, 186),
(4, 187),
(4, 188),
(4, 189),
(4, 190),
(4, 191),
(4, 192),
(4, 193),
(4, 194),
(4, 195),
(4, 196),
(4, 197),
(4, 198),
(4, 199),
(4, 200),
(4, 201),
(4, 202),
(4, 203),
(4, 204),
(4, 205),
(4, 206),
(4, 207),
(4, 208),
(4, 209),
(4, 210),
(4, 211),
(4, 212),
(4, 213),
(4, 214),
(4, 215),
(4, 216),
(4, 217),
(4, 218),
(4, 219),
(4, 220),
(4, 221),
(4, 222),
(4, 223),
(4, 224),
(4, 225),
(4, 226),
(4, 227),
(4, 228),
(4, 229),
(4, 230),
(4, 231),
(4, 232),
(4, 233),
(4, 234),
(4, 235),
(4, 236),
(4, 237),
(4, 238),
(4, 239),
(4, 240),
(4, 241),
(4, 242),
(4, 243),
(4, 244),
(4, 245),
(4, 246),
(4, 247),
(4, 248),
(4, 249),
(4, 250),
(4, 251),
(4, 252),
(4, 253),
(4, 254),
(4, 255),
(4, 256),
(4, 257),
(4, 258),
(4, 259),
(4, 260),
(4, 261),
(4, 262),
(4, 263),
(4, 264),
(4, 265),
(4, 266),
(4, 267),
(4, 268),
(4, 269),
(4, 270),
(4, 271),
(4, 272),
(4, 273),
(4, 274),
(4, 275),
(4, 276),
(4, 277),
(4, 278),
(4, 279),
(4, 280),
(4, 281),
(4, 282),
(4, 283),
(4, 284),
(4, 285),
(4, 286),
(4, 287),
(4, 288),
(4, 289),
(4, 290),
(4, 291),
(4, 292),
(4, 293),
(4, 294),
(4, 295),
(4, 296),
(4, 297),
(4, 298),
(4, 299),
(4, 300),
(4, 301),
(4, 302),
(4, 303),
(4, 304),
(4, 305),
(4, 306),
(4, 307),
(4, 308),
(4, 309),
(4, 310),
(4, 311),
(4, 312),
(4, 313),
(4, 314),
(4, 315),
(4, 316),
(4, 317),
(4, 318),
(4, 319),
(4, 320),
(4, 321),
(4, 322),
(4, 323),
(4, 324),
(4, 325),
(4, 326),
(4, 327),
(4, 328),
(4, 329),
(4, 330),
(4, 331),
(4, 332),
(4, 333),
(4, 334),
(4, 335),
(4, 336),
(4, 337),
(4, 338),
(4, 339),
(4, 340),
(4, 341),
(4, 342),
(4, 343),
(4, 344),
(4, 345),
(4, 346),
(4, 347),
(4, 348),
(4, 349),
(4, 350),
(4, 351),
(4, 352),
(4, 353),
(4, 354),
(4, 355),
(4, 356),
(4, 357),
(4, 358),
(4, 359),
(4, 360),
(4, 361),
(4, 362),
(4, 363),
(4, 364),
(4, 365),
(4, 366),
(4, 367),
(4, 368),
(4, 369),
(4, 370),
(4, 371),
(4, 372),
(4, 373),
(4, 374),
(4, 375),
(4, 376),
(4, 377),
(4, 378),
(4, 379),
(4, 380),
(4, 381),
(4, 382),
(4, 383),
(4, 384),
(4, 385),
(4, 386),
(4, 387),
(4, 388),
(4, 389),
(4, 390),
(4, 391),
(4, 392),
(4, 393),
(4, 394),
(4, 395),
(4, 396),
(4, 397),
(4, 398),
(4, 399),
(4, 400),
(4, 401),
(4, 402),
(4, 403),
(4, 404),
(4, 405),
(4, 406),
(4, 407),
(4, 408),
(4, 409),
(4, 410),
(4, 411),
(4, 412),
(4, 413),
(4, 414),
(4, 415),
(4, 416),
(4, 417),
(4, 418),
(4, 419),
(4, 420),
(4, 421),
(4, 422),
(4, 423),
(4, 424),
(4, 425),
(4, 426),
(4, 427),
(4, 428),
(4, 429),
(4, 430),
(4, 431),
(4, 432),
(4, 433),
(4, 434),
(4, 435),
(4, 436),
(4, 437),
(4, 438),
(4, 439),
(4, 440),
(4, 441),
(4, 442),
(4, 443),
(4, 444),
(4, 445),
(4, 446),
(4, 447),
(4, 448),
(4, 449),
(4, 450),
(4, 451),
(4, 452),
(4, 453),
(4, 454),
(4, 455),
(4, 456),
(4, 457),
(4, 458),
(4, 459),
(4, 460),
(4, 461),
(4, 462),
(4, 463),
(4, 464),
(4, 465),
(4, 466),
(4, 467),
(4, 468),
(4, 469),
(4, 470),
(4, 471),
(4, 472),
(4, 473),
(4, 474),
(4, 475),
(4, 476),
(4, 477),
(4, 478),
(4, 479),
(4, 480),
(4, 481),
(4, 482),
(4, 483),
(4, 484),
(4, 485),
(4, 486),
(4, 487),
(4, 488),
(4, 489),
(4, 490),
(4, 491),
(4, 492),
(4, 493),
(4, 494),
(4, 495),
(4, 496),
(4, 497),
(4, 498),
(4, 499),
(4, 500),
(4, 501),
(4, 502),
(4, 503),
(4, 504),
(4, 505),
(4, 506),
(4, 507),
(4, 508),
(4, 509),
(4, 510),
(4, 511),
(4, 512),
(4, 513),
(4, 514),
(4, 515),
(4, 516),
(4, 517),
(4, 518),
(4, 519),
(4, 520),
(4, 521),
(4, 522),
(4, 523),
(4, 524),
(4, 525),
(4, 526),
(4, 527),
(4, 528),
(4, 529),
(4, 530),
(4, 531),
(4, 532),
(4, 533),
(4, 534),
(4, 535),
(4, 536),
(4, 537),
(4, 538),
(4, 539),
(4, 540),
(4, 541),
(4, 542),
(4, 543),
(4, 544),
(4, 545),
(4, 546),
(4, 547),
(4, 548),
(4, 549),
(4, 550),
(4, 551),
(4, 552),
(4, 553),
(4, 554),
(4, 555),
(4, 556),
(4, 557),
(4, 558),
(4, 559),
(4, 560),
(4, 561),
(4, 562),
(4, 563),
(4, 564),
(4, 565),
(4, 566),
(4, 567),
(4, 568),
(4, 569),
(4, 570),
(4, 571),
(4, 572),
(4, 573),
(4, 574),
(4, 575),
(4, 576),
(4, 577),
(4, 578),
(4, 579),
(4, 580),
(4, 581),
(4, 582),
(4, 583),
(4, 584),
(4, 585),
(4, 586),
(4, 587),
(4, 588),
(4, 589),
(4, 590),
(4, 591),
(4, 592),
(4, 593),
(4, 594),
(4, 595),
(4, 596),
(4, 597),
(4, 598),
(4, 599),
(4, 600),
(4, 601),
(4, 602),
(4, 603),
(4, 604),
(4, 605),
(4, 606),
(4, 607),
(4, 608),
(4, 609),
(4, 610),
(4, 611),
(4, 612),
(4, 613),
(4, 614),
(4, 615),
(4, 616),
(4, 617),
(4, 618),
(4, 619),
(4, 620),
(4, 621),
(4, 622),
(4, 623),
(4, 624),
(4, 625),
(4, 626),
(4, 627),
(4, 628),
(4, 629),
(4, 630),
(4, 631),
(4, 632),
(4, 633),
(4, 634),
(4, 635),
(4, 636),
(4, 637),
(4, 638),
(4, 639),
(4, 640),
(4, 641),
(4, 642),
(4, 643),
(4, 644),
(4, 645),
(4, 646),
(4, 647),
(4, 648),
(4, 649),
(4, 650),
(4, 651),
(4, 652),
(4, 653),
(4, 654),
(4, 655),
(4, 656),
(4, 657),
(4, 658),
(4, 659),
(4, 660),
(4, 661),
(4, 662),
(4, 663),
(4, 664),
(4, 665),
(4, 666),
(4, 667),
(4, 668),
(4, 669),
(4, 670),
(4, 671),
(4, 672),
(4, 673),
(4, 674),
(4, 675),
(4, 676),
(4, 677),
(4, 678),
(4, 679),
(4, 680),
(4, 681),
(4, 682),
(4, 683),
(4, 684),
(4, 685),
(4, 686),
(4, 687),
(4, 688),
(4, 689),
(4, 690),
(4, 691),
(4, 692),
(4, 693),
(4, 694),
(4, 695),
(4, 696),
(4, 697),
(4, 698),
(4, 699),
(4, 700),
(4, 701),
(4, 702),
(4, 703),
(4, 704),
(4, 705),
(4, 706),
(4, 707),
(4, 708),
(4, 709),
(4, 710),
(4, 711),
(4, 712),
(4, 713),
(4, 714),
(4, 715),
(4, 716),
(4, 717),
(4, 718),
(4, 719),
(4, 720),
(4, 721),
(4, 722),
(4, 723),
(4, 724),
(4, 725),
(4, 726),
(4, 727),
(4, 728),
(4, 729),
(4, 730),
(4, 731),
(4, 732),
(4, 733),
(4, 734),
(4, 735),
(4, 736),
(4, 737),
(4, 738),
(4, 739),
(4, 740),
(4, 741),
(4, 742),
(4, 743),
(4, 744),
(4, 745),
(4, 746),
(4, 747),
(4, 748),
(4, 749),
(4, 750),
(4, 751),
(4, 752),
(4, 753),
(4, 754),
(4, 755),
(4, 756),
(4, 757),
(4, 758),
(4, 759),
(4, 760),
(4, 761),
(4, 762),
(4, 763),
(4, 764),
(4, 765),
(4, 766),
(4, 767),
(4, 768),
(4, 769),
(4, 770),
(4, 771),
(4, 772),
(4, 773),
(4, 774),
(4, 775),
(4, 776),
(4, 777),
(4, 778),
(4, 779),
(4, 780),
(4, 781),
(4, 782),
(4, 783),
(4, 784),
(4, 785),
(4, 786),
(4, 787),
(4, 788),
(4, 789),
(4, 790),
(4, 791),
(4, 792),
(4, 793),
(4, 794),
(4, 795),
(4, 796),
(4, 797),
(4, 798),
(4, 799),
(4, 800),
(4, 801),
(4, 802),
(4, 803),
(4, 804),
(4, 805),
(4, 806),
(4, 807),
(4, 808),
(4, 809),
(4, 810),
(4, 811),
(4, 812),
(4, 813),
(4, 814),
(4, 815),
(4, 816),
(4, 817),
(4, 818),
(4, 819),
(4, 820),
(4, 821),
(4, 822),
(4, 823),
(4, 824),
(4, 825),
(4, 826),
(4, 827),
(4, 828),
(4, 829),
(4, 830),
(4, 831),
(4, 832),
(4, 833),
(4, 834),
(4, 835),
(4, 836),
(4, 837),
(4, 838),
(4, 839),
(4, 840),
(4, 841),
(4, 842),
(4, 843),
(4, 844),
(4, 845),
(4, 846),
(4, 847),
(4, 848),
(4, 849),
(4, 850),
(4, 851),
(4, 852),
(4, 853),
(4, 854),
(4, 855),
(4, 856),
(4, 857),
(4, 858),
(4, 859),
(4, 860),
(4, 861),
(4, 862),
(4, 863),
(4, 864),
(4, 865),
(4, 866),
(4, 867),
(4, 868);

--
-- Truncate table before insert `CLASS`
--

TRUNCATE TABLE `CLASS`;
--
-- Dumping data for table `CLASS`
--

INSERT INTO `CLASS` (`ID`, `NAME`, `URI`) VALUES
(1, 'ContractItem', 'http://vocab.ub.uni-leipzig.de/bibrm/ContractItem'),
(2, 'Document', 'http://purl.org/ontology/bibo/Document'),
(3, 'datensatzType', 'http://www.ddb.de/professionell/mabxml/mabxml-1.xsd#datensatzType'),
(4, 'recordType', 'http://data.slub-dresden.de/schemas/4/recordType');

--
-- Truncate table before insert `CONTENT_SCHEMAS_KEY_ATTRIBUTE_PATHS`
--

TRUNCATE TABLE `CONTENT_SCHEMAS_KEY_ATTRIBUTE_PATHS`;
--
-- Dumping data for table `CONTENT_SCHEMAS_KEY_ATTRIBUTE_PATHS`
--

INSERT INTO `CONTENT_SCHEMAS_KEY_ATTRIBUTE_PATHS` (`CONTENT_SCHEMA_ID`, `ATTRIBUTE_PATH_ID`) VALUES
(1,47),(1,48);

--
-- Truncate table before insert `CONTENT_SCHEMA`
--

TRUNCATE TABLE `CONTENT_SCHEMA`;
--
-- Dumping data for table `CONTENT_SCHEMA`
--

INSERT INTO `CONTENT_SCHEMA` (`ID`, `NAME`, `KEY_ATTRIBUTE_PATHS`, `RECORD_IDENTIFIER_ATTRIBUTE_PATH`, `VALUE_ATTRIBUTE_PATH`) VALUES
(1, 'mab content schema', '[47,48]', 40, 49);


--
-- Truncate table before insert `DATA_SCHEMA`
--

TRUNCATE TABLE `DATA_SCHEMA`;
--
-- Dumping data for table `DATA_SCHEMA`
--

INSERT INTO `DATA_SCHEMA` (`ID`, `NAME`, `ATTRIBUTE_PATHS`, `CONTENT_SCHEMA`, `RECORD_CLASS`) VALUES
(1, 'bibrm:ContractItem-Schema (ERM-Scenario)', '[1,2,3,4]', NULL, 1),
(2, 'bibo:Document-Schema (KIM-Titeldaten)', '[1,3,5,6,7,8,9,10,11,12,13,14,15,16,17,18,19,20,21,22,23,24,25,26,27,28,29,30,31,32,33,34,35,36,37,38,39]', NULL, 2),
(3, 'mabxml schema', '[1,40,41,42,43,44,45,46,47,48,49,50,51,52,53,54,55,56,57,58,59,60,61,62,63,64,65,66,67,68,69,70]', 1, 3),
(4, 'pnx schema', '[1,71,72,73,74,75,76,77,78,79,80,81,82,83,84,85,86,87,88,89,90,91,92,93,94,95,96,97,98,99,100,101,102,103,104,105,106,107,108,109,110,111,112,113,114,115,116,117,118,119,120,121,122,123,124,125,126,127,128,129,130,131,132,133,134,135,136,137,138,139,140,141,142,143,144,145,146,147,148,149,150,151,152,153,154,155,156,157,158,159,160,161,162,163,164,165,166,167,168,169,170,171,172,173,174,175,176,177,178,179,180,181,182,183,184,185,186,187,188,189,190,191,192,193,194,195,196,197,198,199,200,201,202,203,204,205,206,207,208,209,210,211,212,213,214,215,216,217,218,219,220,221,222,223,224,225,226,227,228,229,230,231,232,233,234,235,236,237,238,239,240,241,242,243,244,245,246,247,248,249,250,251,252,253,254,255,256,257,258,259,260,261,262,263,264,265,266,267,268,269,270,271,272,273,274,275,276,277,278,279,280,281,282,283,284,285,286,287,288,289,290,291,292,293,294,295,296,297,298,299,300,301,302,303,304,305,306,307,308,309,310,311,312,313,314,315,316,317,318,319,320,321,322,323,324,325,326,327,328,329,330,331,332,333,334,335,336,337,338,339,340,341,342,343,344,345,346,347,348,349,350,351,352,353,354,355,356,357,358,359,360,361,362,363,364,365,366,367,368,369,370,371,372,373,374,375,376,377,378,379,380,381,382,383,384,385,386,387,388,389,390,391,392,393,394,395,396,397,398,399,400,401,402,403,404,405,406,407,408,409,410,411,412,413,414,415,416,417,418,419,420,421,422,423,424,425,426,427,428,429,430,431,432,433,434,435,436,437,438,439,440,441,442,443,444,445,446,447,448,449,450,451,452,453,454,455,456,457,458,459,460,461,462,463,464,465,466,467,468,469,470,471,472,473,474,475,476,477,478,479,480,481,482,483,484,485,486,487,488,489,490,491,492,493,494,495,496,497,498,499,500,501,502,503,504,505,506,507,508,509,510,511,512,513,514,515,516,517,518,519,520,521,522,523,524,525,526,527,528,529,530,531,532,533,534,535,536,537,538,539,540,541,542,543,544,545,546,547,548,549,550,551,552,553,554,555,556,557,558,559,560,561,562,563,564,565,566,567,568,569,570,571,572,573,574,575,576,577,578,579,580,581,582,583,584,585,586,587,588,589,590,591,592,593,594,595,596,597,598,599,600,601,602,603,604,605,606,607,608,609,610,611,612,613,614,615,616,617,618,619,620,621,622,623,624,625,626,627,628,629,630,631,632,633,634,635,636,637,638,639,640,641,642,643,644,645,646,647,648,649,650,651,652,653,654,655,656,657,658,659,660,661,662,663,664,665,666,667,668,669,670,671,672,673,674,675,676,677,678,679,680,681,682,683,684,685,686,687,688,689,690,691,692,693,694,695,696,697,698,699,700,701,702,703,704,705,706,707,708,709,710,711,712,713,714,715,716,717,718,719,720,721,722,723,724,725,726,727,728,729,730,731,732,733,734,735,736,737,738,739,740,741,742,743,744,745,746,747,748,749,750,751,752,753,754,755,756,757,758,759,760,761,762,763,764,765,766,767,768,769,770,771,772,773,774,775,776,777,778,779,780,781,782,783,784,785,786,787,788,789,790,791,792,793,794,795,796,797,798,799,800,801,802,803,804,805,806,807,808,809,810,811,812,813,814,815,816,817,818,819,820,821,822,823,824,825,826,827,828,829,830,831,832,833,834,835,836,837,838,839,840,841,842,843,844,845,846,847,848,849,850,851,852,853,854,855,856,857,858,859,860,861,862,863,864,865,866,867,868]', NULL, 4);



--
-- Truncate table before insert `DATA_MODEL`
--

TRUNCATE TABLE `DATA_MODEL`;
--
-- Dumping data for table `DATA_MODEL`
--

INSERT INTO `DATA_MODEL` (`ID`, `NAME`, `DESCRIPTION`, `CONFIGURATION`, `DATA_RESOURCE`, `DATA_SCHEMA`) VALUES
(1, 'Internal Data Model ContractItem', 'Internal Data Model ContractItem', NULL, NULL, 1),
(2, 'Internal Data Model BiboDocument', 'Internal Data Model BiboDocument', NULL, NULL, 2),
(3, 'Internal Data Model mabxml', 'Internal Data Model mabxml', NULL, NULL, 3),
(4, 'Internal Data Model PMX', 'Internal Data Model PMX (Primo)', NULL, NULL, 4);



SET FOREIGN_KEY_CHECKS=1;
